timestamp,value,usdt,sol,price
1764892860000,1000.000000,1000.000000,0.00000000,139.080000
1764892920000,1000.000000,1000.000000,0.00000000,139.070000
1764892980000,1000.000000,1000.000000,0.00000000,139.140000
1764893040000,1000.000000,1000.000000,0.00000000,139.120000
1764893100000,1000.000000,1000.000000,0.00000000,139.260000
1764893160000,1000.000000,1000.000000,0.00000000,139.180000
1764893220000,999.986404,989.990000,0.07191141,139.010000
1764893280000,999.995034,989.990000,0.07191141,139.130000
1764893340000,999.980000,979.980000,0.14382281,139.060000
1764893400000,999.981438,979.980000,0.14382281,139.070000
1764893460000,999.981438,979.980000,0.14382281,139.070000
1764893520000,999.959213,969.970000,0.21573422,139.010000
1764893580000,999.948427,969.970000,0.21573422,138.960000
1764893640000,999.941955,969.970000,0.21573422,138.930000
1764893700000,999.961371,969.970000,0.21573422,139.020000
1764893760000,999.963528,969.970000,0.21573422,139.030000
1764893820000,999.941955,969.970000,0.21573422,138.930000
1764893880000,999.963528,969.970000,0.21573422,139.030000
1764893940000,999.970000,969.970000,0.21573422,139.060000
1764894000000,999.952741,969.970000,0.21573422,138.980000
1764894060000,999.978629,969.970000,0.21573422,139.100000
1764894120000,1000.013147,969.970000,0.21573422,139.260000
1764894180000,1000.032673,1000.032673,0.00000000,139.490000
1764894240000,1000.032673,1000.032673,0.00000000,139.630000
1764894300000,1000.032673,1000.032673,0.00000000,139.570000
1764894360000,1000.032673,1000.032673,0.00000000,139.410000
1764894420000,1000.032673,1000.032673,0.00000000,139.400000
1764894480000,1000.032673,1000.032673,0.00000000,139.400000
1764894540000,1000.032673,1000.032673,0.00000000,139.390000
1764894600000,1000.032673,1000.032673,0.00000000,139.330000
1764894660000,1000.032673,1000.032673,0.00000000,139.460000
1764894720000,1000.032673,1000.032673,0.00000000,139.560000
1764894780000,1000.032673,1000.032673,0.00000000,139.500000
1764894840000,1000.032673,1000.032673,0.00000000,139.480000
1764894900000,1000.032673,1000.032673,0.00000000,139.290000
1764894960000,1000.032673,1000.032673,0.00000000,139.320000
1764895020000,1000.032673,1000.032673,0.00000000,139.520000
1764895080000,1000.032673,1000.032673,0.00000000,139.520000
1764895140000,1000.032673,1000.032673,0.00000000,139.470000
1764895200000,1000.032673,1000.032673,0.00000000,139.480000
1764895260000,1000.032673,1000.032673,0.00000000,139.520000
1764895320000,1000.032673,1000.032673,0.00000000,139.580000
1764895380000,1000.032673,1000.032673,0.00000000,139.550000
1764895440000,1000.032673,1000.032673,0.00000000,139.550000
1764895500000,1000.032673,1000.032673,0.00000000,139.450000
1764895560000,1000.032673,1000.032673,0.00000000,139.360000
1764895620000,1000.032673,1000.032673,0.00000000,139.340000
1764895680000,1000.032673,1000.032673,0.00000000,139.470000
1764895740000,1000.032673,1000.032673,0.00000000,139.530000
1764895800000,1000.032673,1000.032673,0.00000000,139.360000
1764895860000,1000.032673,1000.032673,0.00000000,139.370000
1764895920000,1000.032673,1000.032673,0.00000000,139.410000
1764895980000,1000.032673,1000.032673,0.00000000,139.420000
1764896040000,1000.032673,1000.032673,0.00000000,139.250000
1764896100000,1000.032673,1000.032673,0.00000000,139.180000
1764896160000,1000.032673,1000.032673,0.00000000,139.250000
1764896220000,1000.032673,1000.032673,0.00000000,139.280000
1764896280000,1000.032673,1000.032673,0.00000000,139.300000
1764896340000,1000.032673,1000.032673,0.00000000,139.240000
1764896400000,1000.032673,1000.032673,0.00000000,139.260000
1764896460000,1000.032673,1000.032673,0.00000000,139.280000
1764896520000,1000.032673,1000.032673,0.00000000,139.290000
1764896580000,1000.032673,1000.032673,0.00000000,139.350000
1764896640000,1000.032673,1000.032673,0.00000000,139.450000
1764896700000,1000.032673,1000.032673,0.00000000,139.490000
1764896760000,1000.032673,1000.032673,0.00000000,139.660000
1764896820000,1000.032673,1000.032673,0.00000000,139.710000
1764896880000,1000.032673,1000.032673,0.00000000,139.710000
1764896940000,1000.032673,1000.032673,0.00000000,139.690000
1764897000000,1000.032673,1000.032673,0.00000000,139.670000
1764897060000,1000.032673,1000.032673,0.00000000,139.530000
1764897120000,1000.032673,1000.032673,0.00000000,139.420000
1764897180000,1000.032673,1000.032673,0.00000000,139.400000
1764897240000,1000.032673,1000.032673,0.00000000,139.300000
1764897300000,1000.032673,1000.032673,0.00000000,139.470000
1764897360000,1000.032673,1000.032673,0.00000000,139.660000
1764897420000,1000.032673,1000.032673,0.00000000,139.620000
1764897480000,1000.032673,1000.032673,0.00000000,139.630000
1764897540000,1000.032673,1000.032673,0.00000000,139.560000
1764897600000,1000.032673,1000.032673,0.00000000,139.420000
1764897660000,1000.032673,1000.032673,0.00000000,139.620000
1764897720000,1000.032673,1000.032673,0.00000000,139.700000
1764897780000,1000.032673,1000.032673,0.00000000,139.750000
1764897840000,1000.032673,1000.032673,0.00000000,139.810000
1764897900000,1000.032673,1000.032673,0.00000000,139.900000
1764897960000,1000.032673,1000.032673,0.00000000,139.790000
1764898020000,1000.032673,1000.032673,0.00000000,139.890000
1764898080000,1000.032673,1000.032673,0.00000000,140.050000
1764898140000,1000.032673,1000.032673,0.00000000,139.930000
1764898200000,1000.032673,1000.032673,0.00000000,139.930000
1764898260000,1000.032673,1000.032673,0.00000000,139.950000
1764898320000,1000.032673,1000.032673,0.00000000,139.990000
1764898380000,1000.032673,1000.032673,0.00000000,139.900000
1764898440000,1000.032673,1000.032673,0.00000000,139.800000
1764898500000,1000.032673,1000.032673,0.00000000,139.600000
1764898560000,1000.032673,1000.032673,0.00000000,139.730000
1764898620000,1000.032673,1000.032673,0.00000000,139.680000
1764898680000,1000.032673,1000.032673,0.00000000,139.800000
1764898740000,1000.032673,1000.032673,0.00000000,139.950000
1764898800000,1000.032673,1000.032673,0.00000000,139.910000
1764898860000,1000.032673,1000.032673,0.00000000,139.950000
1764898920000,1000.032673,1000.032673,0.00000000,139.850000
1764898980000,1000.032673,1000.032673,0.00000000,139.860000
1764899040000,1000.032673,1000.032673,0.00000000,139.880000
1764899100000,1000.032673,1000.032673,0.00000000,139.800000
1764899160000,1000.032673,1000.032673,0.00000000,139.820000
1764899220000,1000.032673,1000.032673,0.00000000,139.830000
1764899280000,1000.032673,1000.032673,0.00000000,140.020000
1764899340000,1000.032673,1000.032673,0.00000000,140.120000
1764899400000,1000.032673,1000.032673,0.00000000,140.020000
1764899460000,1000.032673,1000.032673,0.00000000,140.060000
1764899520000,1000.032673,1000.032673,0.00000000,139.980000
1764899580000,1000.032673,1000.032673,0.00000000,139.970000
1764899640000,1000.032673,1000.032673,0.00000000,139.990000
1764899700000,1000.032673,1000.032673,0.00000000,139.890000
1764899760000,1000.032673,1000.032673,0.00000000,139.870000
1764899820000,1000.032673,1000.032673,0.00000000,139.850000
1764899880000,1000.032673,1000.032673,0.00000000,139.790000
1764899940000,1000.032673,1000.032673,0.00000000,139.820000
1764900000000,1000.017673,985.017673,0.10751147,139.520000
1764900060000,1000.002997,980.012673,0.14337176,139.430000
1764900120000,1000.003732,975.007673,0.17922176,139.470000
1764900180000,999.979017,970.002673,0.21510006,139.360000
1764900240000,1000.006980,970.002673,0.21510006,139.490000
1764900300000,999.994074,970.002673,0.21510006,139.430000
1764900360000,1000.013433,970.002673,0.21510006,139.520000
1764900420000,999.987621,970.002673,0.21510006,139.400000
1764900480000,999.959658,970.002673,0.21510006,139.270000
1764900540000,999.979017,970.002673,0.21510006,139.360000
1764900600000,999.974715,970.002673,0.21510006,139.340000
1764900660000,999.970413,970.002673,0.21510006,139.320000
1764900720000,999.985470,970.002673,0.21510006,139.390000
1764900780000,1000.015584,970.002673,0.21510006,139.530000
1764900840000,1000.015584,970.002673,0.21510006,139.530000
1764900900000,1000.022037,970.002673,0.21510006,139.560000
1764900960000,1000.034943,970.002673,0.21510006,139.620000
1764901020000,1000.056453,970.002673,0.21510006,139.720000
1764901080000,1000.065057,970.002673,0.21510006,139.760000
1764901140000,1000.065057,970.002673,0.21510006,139.760000
1764901200000,1000.034943,970.002673,0.21510006,139.620000
1764901260000,1000.056453,970.002673,0.21510006,139.720000
1764901320000,1000.056453,970.002673,0.21510006,139.720000
1764901380000,1000.054302,970.002673,0.21510006,139.710000
1764901440000,1000.028490,970.002673,0.21510006,139.590000
1764901500000,1000.058604,970.002673,0.21510006,139.730000
1764901560000,1000.075812,970.002673,0.21510006,139.810000
1764901620000,1000.037094,970.002673,0.21510006,139.630000
1764901680000,1000.050000,970.002673,0.21510006,139.690000
1764901740000,1000.056453,970.002673,0.21510006,139.720000
1764901800000,1000.043547,970.002673,0.21510006,139.660000
1764901860000,1000.062906,970.002673,0.21510006,139.750000
1764901920000,1000.054302,970.002673,0.21510006,139.710000
1764901980000,1000.041396,970.002673,0.21510006,139.650000
1764902040000,1000.067208,970.002673,0.21510006,139.770000
1764902100000,1000.069359,970.002673,0.21510006,139.780000
1764902160000,1000.084416,970.002673,0.21510006,139.850000
1764902220000,1000.099461,1000.099461,0.00000000,140.060000
1764902280000,1000.099461,1000.099461,0.00000000,140.030000
1764902340000,1000.099461,1000.099461,0.00000000,140.100000
1764902400000,1000.099461,1000.099461,0.00000000,140.000000
1764902460000,1000.099461,1000.099461,0.00000000,139.950000
1764902520000,1000.099461,1000.099461,0.00000000,140.060000
1764902580000,1000.099461,1000.099461,0.00000000,140.050000
1764902640000,1000.099461,1000.099461,0.00000000,140.070000
1764902700000,1000.099461,1000.099461,0.00000000,140.000000
1764902760000,1000.099461,1000.099461,0.00000000,140.000000
1764902820000,1000.099461,1000.099461,0.00000000,139.950000
1764902880000,1000.099461,1000.099461,0.00000000,140.020000
1764902940000,1000.099461,1000.099461,0.00000000,140.020000
1764903000000,1000.099461,1000.099461,0.00000000,139.870000
1764903060000,1000.099461,1000.099461,0.00000000,139.990000
1764903120000,1000.099461,1000.099461,0.00000000,140.000000
1764903180000,1000.099461,1000.099461,0.00000000,139.960000
1764903240000,1000.099461,1000.099461,0.00000000,139.860000
1764903300000,1000.099461,1000.099461,0.00000000,139.770000
1764903360000,1000.099461,1000.099461,0.00000000,139.790000
1764903420000,1000.099461,1000.099461,0.00000000,139.740000
1764903480000,1000.099461,1000.099461,0.00000000,139.780000
1764903540000,1000.099461,1000.099461,0.00000000,139.810000
1764903600000,1000.099461,1000.099461,0.00000000,139.860000
1764903660000,1000.099461,1000.099461,0.00000000,139.770000
1764903720000,1000.099461,1000.099461,0.00000000,139.800000
1764903780000,1000.099461,1000.099461,0.00000000,139.810000
1764903840000,1000.099461,1000.099461,0.00000000,139.810000
1764903900000,1000.099461,1000.099461,0.00000000,139.770000
1764903960000,1000.099461,1000.099461,0.00000000,139.820000
1764904020000,1000.099461,1000.099461,0.00000000,139.790000
1764904080000,1000.099461,1000.099461,0.00000000,139.910000
1764904140000,1000.099461,1000.099461,0.00000000,140.050000
1764904200000,1000.099461,1000.099461,0.00000000,140.060000
1764904260000,1000.099461,1000.099461,0.00000000,140.020000
1764904320000,1000.099461,1000.099461,0.00000000,139.890000
1764904380000,1000.099461,1000.099461,0.00000000,139.940000
1764904440000,1000.099461,1000.099461,0.00000000,139.930000
1764904500000,1000.099461,1000.099461,0.00000000,139.890000
1764904560000,1000.088746,990.089461,0.07150007,139.850000
1764904620000,1000.096611,990.089461,0.07150007,139.960000
1764904680000,1000.098041,990.089461,0.07150007,139.980000
1764904740000,1000.094466,990.089461,0.07150007,139.930000
1764904800000,1000.090891,990.089461,0.07150007,139.880000
1764904860000,1000.050150,975.074461,0.17879369,139.690000
1764904920000,1000.062666,975.074461,0.17879369,139.760000
1764904980000,1000.051938,975.074461,0.17879369,139.700000
1764905040000,999.945026,970.069461,0.21473130,139.130000
1764905100000,999.946468,965.064461,0.25066116,139.160000
1764905160000,999.938961,960.059461,0.28659361,139.150000
1764905220000,999.885240,955.054461,0.32257001,138.980000
1764905280000,999.882015,955.054461,0.32257001,138.970000
1764905340000,999.898143,955.054461,0.32257001,139.020000
1764905400000,999.907820,955.054461,0.32257001,139.050000
1764905460000,999.846532,955.054461,0.32257001,138.860000
1764905520000,999.846532,955.054461,0.32257001,138.860000
1764905580000,999.817501,955.054461,0.32257001,138.770000
1764905640000,999.830404,955.054461,0.32257001,138.810000
1764905700000,999.862661,955.054461,0.32257001,138.910000
1764905760000,999.862661,955.054461,0.32257001,138.910000
1764905820000,999.836855,955.054461,0.32257001,138.830000
1764905880000,999.814275,955.054461,0.32257001,138.760000
1764905940000,999.820726,955.054461,0.32257001,138.780000
1764906000000,999.817501,955.054461,0.32257001,138.770000
1764906060000,999.814275,955.054461,0.32257001,138.760000
1764906120000,999.804598,955.054461,0.32257001,138.730000
1764906180000,999.775567,955.054461,0.32257001,138.640000
1764906240000,999.782018,955.054461,0.32257001,138.660000
1764906300000,999.782018,955.054461,0.32257001,138.660000
1764906360000,999.775567,955.054461,0.32257001,138.640000
1764906420000,999.794921,955.054461,0.32257001,138.700000
1764906480000,999.823952,955.054461,0.32257001,138.790000
1764906540000,999.820726,955.054461,0.32257001,138.780000
1764906600000,999.833629,955.054461,0.32257001,138.820000
1764906660000,999.833629,955.054461,0.32257001,138.820000
1764906720000,999.833629,955.054461,0.32257001,138.820000
1764906780000,999.814275,955.054461,0.32257001,138.760000
1764906840000,999.804598,955.054461,0.32257001,138.730000
1764906900000,999.782018,955.054461,0.32257001,138.660000
1764906960000,999.689924,950.049461,0.35869979,138.390000
1764907020000,999.750903,950.049461,0.35869979,138.560000
1764907080000,999.754490,950.049461,0.35869979,138.570000
1764907140000,999.750903,950.049461,0.35869979,138.560000
1764907200000,999.862100,950.049461,0.35869979,138.870000
1764907260000,999.847752,950.049461,0.35869979,138.830000
1764907320000,999.865687,950.049461,0.35869979,138.880000
1764907380000,999.905144,950.049461,0.35869979,138.990000
1764907440000,999.883622,950.049461,0.35869979,138.930000
1764907500000,999.915905,950.049461,0.35869979,139.020000
1764907560000,999.865687,950.049461,0.35869979,138.880000
1764907620000,999.869274,950.049461,0.35869979,138.890000
1764907680000,999.887209,950.049461,0.35869979,138.940000
1764907740000,999.897970,950.049461,0.35869979,138.970000
1764907800000,999.908731,950.049461,0.35869979,139.000000
1764907860000,999.933840,950.049461,0.35869979,139.070000
1764907920000,999.919492,950.049461,0.35869979,139.030000
1764907980000,999.919492,950.049461,0.35869979,139.030000
1764908040000,999.912318,950.049461,0.35869979,139.010000
1764908100000,999.905144,950.049461,0.35869979,138.990000
1764908160000,999.905144,950.049461,0.35869979,138.990000
1764908220000,999.865687,950.049461,0.35869979,138.880000
1764908280000,999.883622,950.049461,0.35869979,138.930000
1764908340000,999.905144,950.049461,0.35869979,138.990000
1764908400000,999.915905,950.049461,0.35869979,139.020000
1764908460000,999.908731,950.049461,0.35869979,139.000000
1764908520000,999.883622,950.049461,0.35869979,138.930000
1764908580000,999.869274,950.049461,0.35869979,138.890000
1764908640000,999.808336,935.034461,0.46673783,138.780000
1764908700000,999.803336,930.029461,0.50276607,138.780000
1764908760000,999.808364,930.029461,0.50276607,138.790000
1764908820000,999.823447,930.029461,0.50276607,138.820000
1764908880000,999.763143,925.024461,0.53881250,138.710000
1764908940000,999.757754,925.024461,0.53881250,138.700000
1764909000000,999.704261,920.019461,0.57488493,138.610000
1764909060000,999.584284,915.014461,0.61100949,138.410000
1764909120000,999.609835,910.009461,0.64712100,138.460000
1764909180000,999.430112,905.004461,0.68330307,138.190000
1764909240000,999.594105,905.004461,0.68330307,138.430000
1764909300000,999.669268,905.004461,0.68330307,138.540000
1764909360000,999.607771,905.004461,0.68330307,138.450000
1764909420000,999.587272,905.004461,0.68330307,138.420000
1764909480000,999.505275,905.004461,0.68330307,138.300000
1764909540000,999.525775,905.004461,0.68330307,138.330000
1764909600000,999.505275,905.004461,0.68330307,138.300000
1764909660000,999.532608,905.004461,0.68330307,138.340000
1764909720000,999.471110,905.004461,0.68330307,138.250000
1764909780000,999.395947,905.004461,0.68330307,138.140000
1764909840000,999.423279,905.004461,0.68330307,138.180000
1764909900000,999.443778,905.004461,0.68330307,138.210000
1764909960000,999.430112,905.004461,0.68330307,138.190000
1764910020000,999.389114,905.004461,0.68330307,138.130000
1764910080000,999.402780,905.004461,0.68330307,138.150000
1764910140000,999.389114,905.004461,0.68330307,138.130000
1764910200000,999.505275,905.004461,0.68330307,138.300000
1764910260000,999.450611,905.004461,0.68330307,138.220000
1764910320000,999.655602,905.004461,0.68330307,138.520000
1764910380000,999.696600,905.004461,0.68330307,138.580000
1764910440000,999.682934,905.004461,0.68330307,138.560000
1764910500000,999.642865,999.642865,0.00000000,138.640000
1764910560000,999.642865,999.642865,0.00000000,138.470000
1764910620000,999.642865,999.642865,0.00000000,138.440000
1764910680000,999.642865,999.642865,0.00000000,138.440000
1764910740000,999.642865,999.642865,0.00000000,138.520000
1764910800000,999.632865,989.632865,0.07220738,138.490000
1764910860000,999.639364,989.632865,0.07220738,138.580000
1764910920000,999.637198,989.632865,0.07220738,138.550000
1764910980000,999.638642,989.632865,0.07220738,138.570000
1764911040000,999.641530,989.632865,0.07220738,138.610000
1764911100000,999.642974,989.632865,0.07220738,138.630000
1764911160000,999.644419,989.632865,0.07220738,138.650000
1764911220000,999.645863,989.632865,0.07220738,138.670000
1764911280000,999.643696,989.632865,0.07220738,138.640000
1764911340000,999.615645,979.622865,0.14441476,138.440000
1764911400000,999.630086,979.622865,0.14441476,138.540000
1764911460000,999.630086,979.622865,0.14441476,138.540000
1764911520000,999.631530,979.622865,0.14441476,138.550000
1764911580000,999.604200,969.612865,0.21662214,138.450000
1764911640000,999.595536,969.612865,0.21662214,138.410000
1764911700000,999.604200,969.612865,0.21662214,138.450000
1764911760000,999.602034,969.612865,0.21662214,138.440000
1764911820000,999.597702,969.612865,0.21662214,138.420000
1764911880000,999.593369,969.612865,0.21662214,138.400000
1764911940000,999.589037,969.612865,0.21662214,138.380000
1764912000000,999.591203,969.612865,0.21662214,138.390000
1764912060000,999.584704,969.612865,0.21662214,138.360000
1764912120000,999.582538,969.612865,0.21662214,138.350000
1764912180000,999.563042,969.612865,0.21662214,138.260000
1764912240000,999.521217,964.607865,0.25283041,138.090000
1764912300000,999.463122,959.602865,0.28909383,137.880000
1764912360000,999.481250,954.597865,0.32533622,137.960000
1764912420000,999.484503,954.597865,0.32533622,137.970000
1764912480000,999.533303,954.597865,0.32533622,138.120000
1764912540000,999.536557,954.597865,0.32533622,138.130000
1764912600000,999.500770,954.597865,0.32533622,138.020000
1764912660000,999.500770,954.597865,0.32533622,138.020000
1764912720000,999.477996,954.597865,0.32533622,137.950000
1764912780000,999.464983,954.597865,0.32533622,137.910000
1764912840000,999.477996,954.597865,0.32533622,137.950000
1764912900000,999.474743,954.597865,0.32533622,137.940000
1764912960000,999.481250,954.597865,0.32533622,137.960000
1764913020000,999.487756,954.597865,0.32533622,137.980000
1764913080000,999.494263,954.597865,0.32533622,138.000000
1764913140000,999.497516,954.597865,0.32533622,138.010000
1764913200000,999.487756,954.597865,0.32533622,137.980000
1764913260000,999.533303,954.597865,0.32533622,138.120000
1764913320000,999.504023,954.597865,0.32533622,138.030000
1764913380000,999.520290,954.597865,0.32533622,138.080000
1764913440000,999.517037,954.597865,0.32533622,138.070000
1764913500000,999.517037,954.597865,0.32533622,138.070000
1764913560000,999.500770,954.597865,0.32533622,138.020000
1764913620000,999.477996,954.597865,0.32533622,137.950000
1764913680000,999.474743,954.597865,0.32533622,137.940000
1764913740000,999.481250,954.597865,0.32533622,137.960000
1764913800000,999.481250,954.597865,0.32533622,137.960000
1764913860000,999.494263,954.597865,0.32533622,138.000000
1764913920000,999.500770,954.597865,0.32533622,138.020000
1764913980000,999.484503,954.597865,0.32533622,137.970000
1764914040000,999.468236,954.597865,0.32533622,137.920000
1764914100000,999.464983,954.597865,0.32533622,137.910000
1764914160000,999.468236,954.597865,0.32533622,137.920000
1764914220000,999.468236,954.597865,0.32533622,137.920000
1764914280000,999.497516,954.597865,0.32533622,138.010000
1764914340000,999.507277,954.597865,0.32533622,138.040000
1764914400000,999.510530,954.597865,0.32533622,138.050000
1764914460000,999.533870,999.533870,0.00000000,138.260000
1764914520000,999.533870,999.533870,0.00000000,138.140000
1764914580000,999.533870,999.533870,0.00000000,138.210000
1764914640000,999.533870,999.533870,0.00000000,138.210000
1764914700000,999.533870,999.533870,0.00000000,138.290000
1764914760000,999.533870,999.533870,0.00000000,138.500000
1764914820000,999.533870,999.533870,0.00000000,138.410000
1764914880000,999.533870,999.533870,0.00000000,138.420000
1764914940000,999.533870,999.533870,0.00000000,138.520000
1764915000000,999.533870,999.533870,0.00000000,138.500000
1764915060000,999.533870,999.533870,0.00000000,138.430000
1764915120000,999.533870,999.533870,0.00000000,138.500000
1764915180000,999.533870,999.533870,0.00000000,138.630000
1764915240000,999.533870,999.533870,0.00000000,138.520000
1764915300000,999.533870,999.533870,0.00000000,138.530000
1764915360000,999.533870,999.533870,0.00000000,138.560000
1764915420000,999.533870,999.533870,0.00000000,138.580000
1764915480000,999.533870,999.533870,0.00000000,138.480000
1764915540000,999.533870,999.533870,0.00000000,138.420000
1764915600000,999.533870,999.533870,0.00000000,138.430000
1764915660000,999.533870,999.533870,0.00000000,138.510000
1764915720000,999.533870,999.533870,0.00000000,138.570000
1764915780000,999.533870,999.533870,0.00000000,138.590000
1764915840000,999.533870,999.533870,0.00000000,138.700000
1764915900000,999.533870,999.533870,0.00000000,138.660000
1764915960000,999.533870,999.533870,0.00000000,138.700000
1764916020000,999.533870,999.533870,0.00000000,138.610000
1764916080000,999.533870,999.533870,0.00000000,138.630000
1764916140000,999.533870,999.533870,0.00000000,138.630000
1764916200000,999.533870,999.533870,0.00000000,138.660000
1764916260000,999.533870,999.533870,0.00000000,138.420000
1764916320000,999.533870,999.533870,0.00000000,138.520000
1764916380000,999.533870,999.533870,0.00000000,138.520000
1764916440000,999.533870,999.533870,0.00000000,138.730000
1764916500000,999.533870,999.533870,0.00000000,138.870000
1764916560000,999.533870,999.533870,0.00000000,138.950000
1764916620000,999.533870,999.533870,0.00000000,138.910000
1764916680000,999.533870,999.533870,0.00000000,138.810000
1764916740000,999.533870,999.533870,0.00000000,138.680000
1764916800000,999.533870,999.533870,0.00000000,138.740000
1764916860000,999.533870,999.533870,0.00000000,138.740000
1764916920000,999.533870,999.533870,0.00000000,138.740000
1764916980000,999.533870,999.533870,0.00000000,138.740000
1764917040000,999.533870,999.533870,0.00000000,138.740000
1764917100000,999.533870,999.533870,0.00000000,138.820000
1764917160000,999.533870,999.533870,0.00000000,138.760000
1764917220000,999.533870,999.533870,0.00000000,138.810000
1764917280000,999.533870,999.533870,0.00000000,138.780000
1764917340000,999.533870,999.533870,0.00000000,138.730000
1764917400000,999.533870,999.533870,0.00000000,138.680000
1764917460000,999.533870,999.533870,0.00000000,139.000000
1764917520000,999.533870,999.533870,0.00000000,138.920000
1764917580000,999.533870,999.533870,0.00000000,138.850000
1764917640000,999.533870,999.533870,0.00000000,138.830000
1764917700000,999.533870,999.533870,0.00000000,138.790000
1764917760000,999.533870,999.533870,0.00000000,138.830000
1764917820000,999.533870,999.533870,0.00000000,138.900000
1764917880000,999.533870,999.533870,0.00000000,138.910000
1764917940000,999.533870,999.533870,0.00000000,138.890000
1764918000000,999.523870,989.523870,0.07200461,138.880000
1764918060000,999.520989,989.523870,0.07200461,138.840000
1764918120000,999.526750,989.523870,0.07200461,138.920000
1764918180000,999.510989,979.513870,0.14400922,138.860000
1764918240000,999.519630,979.513870,0.14400922,138.920000
1764918300000,999.532591,979.513870,0.14400922,139.010000
1764918360000,999.525520,999.525520,0.00000000,139.100000
1764918420000,999.525520,999.525520,0.00000000,139.280000
1764918480000,999.525520,999.525520,0.00000000,139.730000
1764918540000,999.525520,999.525520,0.00000000,140.660000
1764918600000,999.525520,999.525520,0.00000000,140.240000
1764918660000,999.525520,999.525520,0.00000000,140.250000
1764918720000,999.525520,999.525520,0.00000000,140.170000
1764918780000,999.525520,999.525520,0.00000000,140.090000
1764918840000,999.525520,999.525520,0.00000000,140.090000
1764918900000,999.525520,999.525520,0.00000000,140.080000
1764918960000,999.525520,999.525520,0.00000000,140.080000
1764919020000,999.525520,999.525520,0.00000000,140.180000
1764919080000,999.525520,999.525520,0.00000000,140.240000
1764919140000,999.525520,999.525520,0.00000000,140.130000
1764919200000,999.525520,999.525520,0.00000000,140.130000
1764919260000,999.525520,999.525520,0.00000000,140.110000
1764919320000,999.525520,999.525520,0.00000000,140.180000
1764919380000,999.525520,999.525520,0.00000000,140.190000
1764919440000,999.525520,999.525520,0.00000000,140.250000
1764919500000,999.525520,999.525520,0.00000000,140.280000
1764919560000,999.525520,999.525520,0.00000000,140.320000
1764919620000,999.525520,999.525520,0.00000000,140.340000
1764919680000,999.525520,999.525520,0.00000000,140.420000
1764919740000,999.525520,999.525520,0.00000000,140.260000
1764919800000,999.525520,999.525520,0.00000000,140.320000
1764919860000,999.525520,999.525520,0.00000000,140.420000
1764919920000,999.525520,999.525520,0.00000000,140.370000
1764919980000,999.525520,999.525520,0.00000000,140.340000
1764920040000,999.525520,999.525520,0.00000000,140.090000
1764920100000,999.525520,999.525520,0.00000000,139.990000
1764920160000,999.520520,994.520520,0.03573215,139.930000
1764920220000,999.513019,989.515520,0.07148219,139.860000
1764920280000,999.518022,989.515520,0.07148219,139.930000
1764920340000,999.513019,989.515520,0.07148219,139.860000
1764920400000,999.498726,984.510520,0.10726548,139.730000
1764920460000,999.500871,984.510520,0.10726548,139.750000
1764920520000,999.501944,984.510520,0.10726548,139.760000
1764920580000,999.498726,984.510520,0.10726548,139.730000
1764920640000,999.505162,984.510520,0.10726548,139.790000
1764920700000,999.499799,984.510520,0.10726548,139.740000
1764920760000,999.491217,984.510520,0.10726548,139.660000
1764920820000,999.491217,984.510520,0.10726548,139.660000
1764920880000,999.490145,984.510520,0.10726548,139.650000
1764920940000,999.494435,984.510520,0.10726548,139.690000
1764921000000,999.493363,984.510520,0.10726548,139.680000
1764921060000,999.501944,984.510520,0.10726548,139.760000
1764921120000,999.495508,984.510520,0.10726548,139.700000
1764921180000,999.501944,984.510520,0.10726548,139.760000
1764921240000,999.505162,984.510520,0.10726548,139.790000
1764921300000,999.499799,984.510520,0.10726548,139.740000
1764921360000,999.499799,984.510520,0.10726548,139.740000
1764921420000,999.499799,984.510520,0.10726548,139.740000
1764921480000,999.497653,984.510520,0.10726548,139.720000
1764921540000,999.493363,984.510520,0.10726548,139.680000
1764921600000,999.459055,969.495520,0.21479237,139.500000
1764921660000,999.447611,964.490520,0.25064237,139.470000
1764921720000,999.410028,959.485520,0.28652582,139.340000
1764921780000,999.399297,954.480520,0.32241442,139.320000
1764921840000,999.300797,949.475520,0.35837788,139.030000
1764921900000,999.299381,944.470520,0.39433876,139.040000
1764921960000,999.251003,939.465520,0.43032810,138.930000
1764922020000,998.983503,934.460520,0.46647617,138.320000
1764922080000,998.978503,929.455520,0.50262423,138.320000
1764922140000,998.993582,929.455520,0.50262423,138.350000
1764922200000,998.933267,929.455520,0.50262423,138.230000
1764922260000,998.983529,929.455520,0.50262423,138.330000
1764922320000,999.028766,929.455520,0.50262423,138.420000
1764922380000,998.998608,929.455520,0.50262423,138.360000
1764922440000,998.973477,929.455520,0.50262423,138.310000
1764922500000,998.948346,929.455520,0.50262423,138.260000
1764922560000,998.938293,929.455520,0.50262423,138.240000
1764922620000,998.933267,929.455520,0.50262423,138.230000
1764922680000,998.923215,929.455520,0.50262423,138.210000
1764922740000,998.983529,929.455520,0.50262423,138.330000
1764922800000,998.983529,929.455520,0.50262423,138.330000
1764922860000,999.074002,929.455520,0.50262423,138.510000
1764922920000,999.084054,929.455520,0.50262423,138.530000
1764922980000,999.099133,929.455520,0.50262423,138.560000
1764923040000,999.028766,929.455520,0.50262423,138.420000
1764923100000,999.028766,929.455520,0.50262423,138.420000
1764923160000,999.068976,929.455520,0.50262423,138.500000
1764923220000,999.033792,929.455520,0.50262423,138.430000
1764923280000,999.038818,929.455520,0.50262423,138.440000
1764923340000,999.038818,929.455520,0.50262423,138.440000
1764923400000,999.003634,929.455520,0.50262423,138.370000
1764923460000,998.938293,929.455520,0.50262423,138.240000
1764923520000,998.953372,929.455520,0.50262423,138.270000
1764923580000,998.903110,929.455520,0.50262423,138.170000
1764923640000,998.877978,929.455520,0.50262423,138.120000
1764923700000,998.888031,929.455520,0.50262423,138.140000
1764923760000,998.812663,924.450520,0.53885611,138.000000
1764923820000,998.844995,924.450520,0.53885611,138.060000
1764923880000,998.871938,924.450520,0.53885611,138.110000
1764923940000,998.915046,924.450520,0.53885611,138.190000
1764924000000,998.791109,924.450520,0.53885611,137.960000
1764924060000,998.834218,924.450520,0.53885611,138.040000
1764924120000,998.828829,924.450520,0.53885611,138.030000
1764924180000,998.850383,924.450520,0.53885611,138.070000
1764924240000,998.844995,924.450520,0.53885611,138.060000
1764924300000,998.812663,924.450520,0.53885611,138.000000
1764924360000,998.774944,924.450520,0.53885611,137.930000
1764924420000,998.818052,924.450520,0.53885611,138.010000
1764924480000,998.839606,924.450520,0.53885611,138.050000
1764924540000,998.828829,924.450520,0.53885611,138.030000
1764924600000,998.801886,924.450520,0.53885611,137.980000
1764924660000,998.828829,924.450520,0.53885611,138.030000
1764924720000,998.839606,924.450520,0.53885611,138.050000
1764924780000,998.877326,924.450520,0.53885611,138.120000
1764924840000,998.888103,924.450520,0.53885611,138.140000
1764924900000,998.893492,924.450520,0.53885611,138.150000
1764924960000,998.867497,998.867497,0.00000000,138.240000
1764925020000,998.867497,998.867497,0.00000000,138.200000
1764925080000,998.867497,998.867497,0.00000000,138.250000
1764925140000,998.867497,998.867497,0.00000000,138.190000
1764925200000,998.857497,988.857497,0.07236937,138.180000
1764925260000,998.837234,988.857497,0.07236937,137.900000
1764925320000,998.808352,983.852497,0.10871451,137.570000
1764925380000,998.810962,978.847497,0.14504116,137.640000
1764925440000,998.822565,978.847497,0.14504116,137.720000
1764925500000,998.775504,973.842497,0.18142331,137.430000
1764925560000,998.784575,973.842497,0.18142331,137.480000
1764925620000,998.817231,973.842497,0.18142331,137.660000
1764925680000,998.829931,973.842497,0.18142331,137.730000
1764925740000,998.835373,973.842497,0.18142331,137.760000
1764925800000,998.837187,973.842497,0.18142331,137.770000
1764925860000,998.846259,973.842497,0.18142331,137.820000
1764925920000,998.842630,973.842497,0.18142331,137.800000
1764925980000,998.868029,973.842497,0.18142331,137.940000
1764926040000,998.860773,973.842497,0.18142331,137.900000
1764926100000,998.855330,973.842497,0.18142331,137.870000
1764926160000,998.826302,973.842497,0.18142331,137.710000
1764926220000,998.806346,973.842497,0.18142331,137.600000
1764926280000,998.768247,973.842497,0.18142331,137.390000
1764926340000,998.690677,968.837497,0.21792233,136.990000
1764926400000,998.631197,963.832497,0.25448807,136.740000
1764926460000,998.682094,963.832497,0.25448807,136.940000
1764926520000,998.717723,963.832497,0.25448807,137.080000
1764926580000,998.694819,963.832497,0.25448807,136.990000
1764926640000,998.661735,963.832497,0.25448807,136.860000
1764926700000,998.651556,963.832497,0.25448807,136.820000
1764926760000,998.643921,963.832497,0.25448807,136.790000
1764926820000,998.654101,963.832497,0.25448807,136.830000
1764926880000,998.651556,963.832497,0.25448807,136.820000
1764926940000,998.656646,963.832497,0.25448807,136.840000
1764927000000,998.684639,963.832497,0.25448807,136.950000
1764927060000,998.651556,963.832497,0.25448807,136.820000
1764927120000,998.610838,963.832497,0.25448807,136.660000
1764927180000,998.598113,963.832497,0.25448807,136.610000
1764927240000,998.580299,963.832497,0.25448807,136.540000
1764927300000,998.626107,963.832497,0.25448807,136.720000
1764927360000,998.618472,963.832497,0.25448807,136.690000
1764927420000,998.664280,963.832497,0.25448807,136.870000
1764927480000,998.649011,963.832497,0.25448807,136.810000
1764927540000,998.638831,963.832497,0.25448807,136.770000
1764927600000,998.638831,963.832497,0.25448807,136.770000
1764927660000,998.636286,963.832497,0.25448807,136.760000
1764927720000,998.603203,963.832497,0.25448807,136.630000
1764927780000,998.582844,963.832497,0.25448807,136.550000
1764927840000,998.603203,963.832497,0.25448807,136.630000
1764927900000,998.590479,963.832497,0.25448807,136.580000
1764927960000,998.565030,963.832497,0.25448807,136.480000
1764928020000,998.598113,963.832497,0.25448807,136.610000
1764928080000,998.582844,963.832497,0.25448807,136.550000
1764928140000,998.608293,963.832497,0.25448807,136.650000
1764928200000,998.593023,963.832497,0.25448807,136.590000
1764928260000,998.600658,963.832497,0.25448807,136.620000
1764928320000,998.577754,963.832497,0.25448807,136.530000
1764928380000,998.554850,963.832497,0.25448807,136.440000
1764928440000,998.521857,958.827497,0.29116379,136.330000
1764928500000,998.548061,958.827497,0.29116379,136.420000
1764928560000,998.536415,958.827497,0.29116379,136.380000
1764928620000,998.548061,958.827497,0.29116379,136.420000
1764928680000,998.556796,958.827497,0.29116379,136.450000
1764928740000,998.524768,958.827497,0.29116379,136.340000
1764928800000,998.511857,948.817497,0.36451521,136.330000
1764928860000,998.533728,948.817497,0.36451521,136.390000
1764928920000,998.533728,948.817497,0.36451521,136.390000
1764928980000,998.418041,933.802497,0.47459084,136.150000
1764929040000,998.588893,933.802497,0.47459084,136.510000
1764929100000,998.660082,933.802497,0.47459084,136.660000
1764929160000,998.612623,933.802497,0.47459084,136.560000
1764929220000,998.622115,933.802497,0.47459084,136.580000
1764929280000,998.607877,933.802497,0.47459084,136.550000
1764929340000,998.598385,933.802497,0.47459084,136.530000
1764929400000,998.674320,933.802497,0.47459084,136.690000
1764929460000,998.732718,998.732718,0.00000000,136.950000
1764929520000,998.732718,998.732718,0.00000000,137.080000
1764929580000,998.732718,998.732718,0.00000000,137.040000
1764929640000,998.732718,998.732718,0.00000000,137.050000
1764929700000,998.732718,998.732718,0.00000000,136.980000
1764929760000,998.732718,998.732718,0.00000000,137.410000
1764929820000,998.732718,998.732718,0.00000000,137.290000
1764929880000,998.732718,998.732718,0.00000000,137.050000
1764929940000,998.732718,998.732718,0.00000000,136.870000
1764930000000,998.732718,998.732718,0.00000000,137.000000
1764930060000,998.732718,998.732718,0.00000000,137.110000
1764930120000,998.732718,998.732718,0.00000000,137.220000
1764930180000,998.732718,998.732718,0.00000000,137.300000
1764930240000,998.732718,998.732718,0.00000000,137.210000
1764930300000,998.732718,998.732718,0.00000000,137.690000
1764930360000,998.732718,998.732718,0.00000000,137.630000
1764930420000,998.732718,998.732718,0.00000000,137.630000
1764930480000,998.732718,998.732718,0.00000000,137.650000
1764930540000,998.732718,998.732718,0.00000000,137.610000
1764930600000,998.732718,998.732718,0.00000000,137.550000
1764930660000,998.732718,998.732718,0.00000000,137.670000
1764930720000,998.732718,998.732718,0.00000000,137.680000
1764930780000,998.732718,998.732718,0.00000000,137.600000
1764930840000,998.732718,998.732718,0.00000000,137.740000
1764930900000,998.732718,998.732718,0.00000000,137.640000
1764930960000,998.732718,998.732718,0.00000000,137.710000
1764931020000,998.732718,998.732718,0.00000000,137.600000
1764931080000,998.732718,998.732718,0.00000000,137.640000
1764931140000,998.732718,998.732718,0.00000000,137.750000
1764931200000,998.732718,998.732718,0.00000000,137.790000
1764931260000,998.732718,998.732718,0.00000000,137.840000
1764931320000,998.732718,998.732718,0.00000000,137.820000
1764931380000,998.732718,998.732718,0.00000000,137.870000
1764931440000,998.732718,998.732718,0.00000000,137.900000
1764931500000,998.732718,998.732718,0.00000000,137.800000
1764931560000,998.732718,998.732718,0.00000000,137.760000
1764931620000,998.732718,998.732718,0.00000000,137.740000
1764931680000,998.727718,993.727718,0.03637157,137.470000
1764931740000,998.729537,993.727718,0.03637157,137.520000
1764931800000,998.733901,993.727718,0.03637157,137.640000
1764931860000,998.737175,993.727718,0.03637157,137.730000
1764931920000,998.735720,993.727718,0.03637157,137.690000
1764931980000,998.738266,993.727718,0.03637157,137.760000
1764932040000,998.739721,993.727718,0.03637157,137.800000
1764932100000,998.740084,993.727718,0.03637157,137.810000
1764932160000,998.741539,993.727718,0.03637157,137.850000
1764932220000,998.738630,993.727718,0.03637157,137.770000
1764932280000,998.732810,993.727718,0.03637157,137.610000
1764932340000,998.736447,993.727718,0.03637157,137.710000
1764932400000,998.722083,983.717718,0.10905127,137.590000
1764932460000,998.732988,983.717718,0.10905127,137.690000
1764932520000,998.748255,983.717718,0.10905127,137.830000
1764932580000,998.748255,983.717718,0.10905127,137.830000
1764932640000,998.743893,983.717718,0.10905127,137.790000
1764932700000,998.752617,983.717718,0.10905127,137.870000
1764932760000,998.756979,983.717718,0.10905127,137.910000
1764932820000,998.766794,983.717718,0.10905127,138.000000
1764932880000,998.765703,983.717718,0.10905127,137.990000
1764932940000,998.755889,983.717718,0.10905127,137.900000
1764933000000,998.744983,983.717718,0.10905127,137.800000
1764933060000,998.746074,983.717718,0.10905127,137.810000
1764933120000,998.744983,983.717718,0.10905127,137.800000
1764933180000,998.750436,983.717718,0.10905127,137.850000
1764933240000,998.752617,983.717718,0.10905127,137.870000
1764933300000,998.754798,983.717718,0.10905127,137.890000
1764933360000,998.736259,983.717718,0.10905127,137.720000
1764933420000,998.746074,983.717718,0.10905127,137.810000
1764933480000,998.748255,983.717718,0.10905127,137.830000
1764933540000,998.746074,983.717718,0.10905127,137.810000
1764933600000,998.737350,983.717718,0.10905127,137.730000
1764933660000,998.707083,968.702718,0.21807082,137.590000
1764933720000,998.715805,968.702718,0.21807082,137.630000
1764933780000,998.713625,968.702718,0.21807082,137.620000
1764933840000,998.639748,953.687718,0.32713798,137.410000
1764933900000,998.634748,948.682718,0.36352543,137.410000
1764933960000,998.652924,948.682718,0.36352543,137.460000
1764934020000,998.649289,948.682718,0.36352543,137.450000
1764934080000,998.674735,948.682718,0.36352543,137.520000
1764934140000,998.656559,948.682718,0.36352543,137.470000
1764934200000,998.642018,948.682718,0.36352543,137.430000
1764934260000,998.616571,948.682718,0.36352543,137.360000
1764934320000,998.598395,948.682718,0.36352543,137.310000
1764934380000,998.551137,948.682718,0.36352543,137.180000
1764934440000,998.484337,943.677718,0.40001912,137.010000
1764934500000,998.479337,938.672718,0.43651280,137.010000
1764934560000,998.492433,938.672718,0.43651280,137.040000
1764934620000,998.488068,938.672718,0.43651280,137.030000
1764934680000,998.536084,938.672718,0.43651280,137.140000
1764934740000,998.536084,938.672718,0.43651280,137.140000
1764934800000,998.531719,938.672718,0.43651280,137.130000
1764934860000,998.518624,938.672718,0.43651280,137.100000
1764934920000,998.522989,938.672718,0.43651280,137.110000
1764934980000,998.501163,938.672718,0.43651280,137.060000
1764935040000,998.479337,938.672718,0.43651280,137.010000
1764935100000,998.566640,938.672718,0.43651280,137.210000
1764935160000,998.514258,938.672718,0.43651280,137.090000
1764935220000,998.544814,938.672718,0.43651280,137.160000
1764935280000,998.557910,938.672718,0.43651280,137.190000
1764935340000,998.636482,938.672718,0.43651280,137.370000
1764935400000,998.531719,938.672718,0.43651280,137.130000
1764935460000,998.479337,938.672718,0.43651280,137.010000
1764935520000,998.492433,938.672718,0.43651280,137.040000
1764935580000,998.444416,938.672718,0.43651280,136.930000
1764935640000,998.466242,938.672718,0.43651280,136.980000
1764935700000,998.470607,938.672718,0.43651280,136.990000
1764935760000,998.514258,938.672718,0.43651280,137.090000
1764935820000,998.479337,938.672718,0.43651280,137.010000
1764935880000,998.470607,938.672718,0.43651280,136.990000
1764935940000,998.483703,938.672718,0.43651280,137.020000
1764936000000,998.390765,928.662718,0.50959619,136.830000
1764936060000,998.370381,928.662718,0.50959619,136.790000
1764936120000,998.360189,928.662718,0.50959619,136.770000
1764936180000,998.436629,928.662718,0.50959619,136.920000
1764936240000,998.258402,918.652718,0.58267958,136.620000
1764936300000,998.363285,918.652718,0.58267958,136.800000
1764936360000,998.316670,918.652718,0.58267958,136.720000
1764936420000,998.345804,918.652718,0.58267958,136.770000
1764936480000,998.456513,918.652718,0.58267958,136.960000
1764936540000,998.404072,918.652718,0.58267958,136.870000
1764936600000,998.386592,918.652718,0.58267958,136.840000
1764936660000,998.305189,908.642718,0.65576297,136.730000
