timestamp,open,high,low,close,volume
1764892800000,139.01000000,139.09000000,138.90000000,139.06000000,3421.15200000
1764892860000,139.07000000,139.12000000,139.00000000,139.08000000,999.26500000
1764892920000,139.09000000,139.10000000,139.00000000,139.07000000,1441.42200000
1764892980000,139.07000000,139.14000000,139.03000000,139.14000000,764.40100000
1764893040000,139.14000000,139.15000000,139.07000000,139.12000000,707.26500000
1764893100000,139.12000000,139.27000000,139.04000000,139.26000000,2930.09700000
1764893160000,139.26000000,139.26000000,139.15000000,139.18000000,473.49700000
1764893220000,139.19000000,139.19000000,139.01000000,139.01000000,2720.73000000
1764893280000,139.02000000,139.15000000,138.95000000,139.13000000,1321.82700000
1764893340000,139.13000000,139.13000000,139.05000000,139.06000000,902.51800000
1764893400000,139.05000000,139.12000000,139.05000000,139.07000000,843.97200000
1764893460000,139.07000000,139.11000000,139.01000000,139.07000000,664.34800000
1764893520000,139.07000000,139.13000000,139.00000000,139.01000000,1202.25500000
1764893580000,139.01000000,139.01000000,138.91000000,138.96000000,799.27700000
1764893640000,138.96000000,138.97000000,138.91000000,138.93000000,326.04500000
1764893700000,138.94000000,139.04000000,138.93000000,139.02000000,826.76500000
1764893760000,139.02000000,139.09000000,138.99000000,139.03000000,788.04400000
1764893820000,139.03000000,139.04000000,138.92000000,138.93000000,790.08500000
1764893880000,138.92000000,139.03000000,138.92000000,139.03000000,1147.69600000
1764893940000,139.03000000,139.09000000,139.01000000,139.06000000,1111.92400000
1764894000000,139.06000000,139.07000000,138.96000000,138.98000000,672.15400000
1764894060000,138.97000000,139.10000000,138.96000000,139.10000000,1224.82800000
1764894120000,139.10000000,139.27000000,139.03000000,139.26000000,1839.62700000
1764894180000,139.25000000,139.50000000,139.24000000,139.49000000,1772.16400000
1764894240000,139.50000000,139.72000000,139.44000000,139.63000000,1959.74000000
1764894300000,139.63000000,139.63000000,139.45000000,139.57000000,1864.66200000
1764894360000,139.58000000,139.58000000,139.38000000,139.41000000,1987.96000000
1764894420000,139.41000000,139.48000000,139.40000000,139.40000000,1431.12800000
1764894480000,139.41000000,139.44000000,139.38000000,139.40000000,627.79800000
1764894540000,139.40000000,139.41000000,139.35000000,139.39000000,344.50900000
1764894600000,139.39000000,139.39000000,139.26000000,139.33000000,1591.13700000
1764894660000,139.33000000,139.49000000,139.32000000,139.46000000,762.83600000
1764894720000,139.45000000,139.56000000,139.45000000,139.56000000,779.30900000
1764894780000,139.56000000,139.60000000,139.50000000,139.50000000,1442.86700000
1764894840000,139.49000000,139.51000000,139.46000000,139.48000000,1707.70600000
1764894900000,139.48000000,139.48000000,139.24000000,139.29000000,1589.31600000
1764894960000,139.28000000,139.34000000,139.24000000,139.32000000,463.99400000
1764895020000,139.33000000,139.52000000,139.29000000,139.52000000,782.92700000
1764895080000,139.52000000,139.61000000,139.51000000,139.52000000,1545.24500000
1764895140000,139.52000000,139.52000000,139.45000000,139.47000000,1229.12500000
1764895200000,139.47000000,139.56000000,139.47000000,139.48000000,1401.22300000
1764895260000,139.47000000,139.55000000,139.47000000,139.52000000,452.00000000
1764895320000,139.53000000,139.58000000,139.51000000,139.58000000,1305.11700000
1764895380000,139.58000000,139.60000000,139.55000000,139.55000000,630.38100000
1764895440000,139.56000000,139.60000000,139.55000000,139.55000000,625.69200000
1764895500000,139.54000000,139.54000000,139.38000000,139.45000000,879.52200000
1764895560000,139.44000000,139.45000000,139.32000000,139.36000000,1605.95500000
1764895620000,139.36000000,139.41000000,139.33000000,139.34000000,342.18500000
1764895680000,139.34000000,139.48000000,139.27000000,139.47000000,572.70300000
1764895740000,139.48000000,139.55000000,139.47000000,139.53000000,406.31900000
1764895800000,139.53000000,139.53000000,139.36000000,139.36000000,4391.74700000
1764895860000,139.35000000,139.37000000,139.23000000,139.37000000,604.53900000
1764895920000,139.36000000,139.45000000,139.33000000,139.41000000,2063.99200000
1764895980000,139.41000000,139.47000000,139.40000000,139.42000000,886.35400000
1764896040000,139.41000000,139.41000000,139.23000000,139.25000000,1149.29200000
1764896100000,139.24000000,139.25000000,139.14000000,139.18000000,1232.20700000
1764896160000,139.19000000,139.26000000,139.11000000,139.25000000,1645.88300000
1764896220000,139.25000000,139.29000000,139.21000000,139.28000000,689.00000000
1764896280000,139.28000000,139.34000000,139.23000000,139.30000000,849.51500000
1764896340000,139.31000000,139.31000000,139.23000000,139.24000000,523.45700000
1764896400000,139.24000000,139.28000000,139.18000000,139.26000000,733.48600000
1764896460000,139.26000000,139.28000000,139.20000000,139.28000000,551.06400000
1764896520000,139.27000000,139.29000000,139.14000000,139.29000000,744.93600000
1764896580000,139.29000000,139.42000000,139.29000000,139.35000000,1421.57000000
1764896640000,139.35000000,139.45000000,139.32000000,139.45000000,468.94800000
1764896700000,139.44000000,139.52000000,139.44000000,139.49000000,1406.19100000
1764896760000,139.49000000,139.75000000,139.49000000,139.66000000,4400.98900000
1764896820000,139.66000000,139.77000000,139.58000000,139.71000000,1936.73700000
1764896880000,139.72000000,139.84000000,139.69000000,139.71000000,1394.56400000
1764896940000,139.71000000,139.72000000,139.60000000,139.69000000,1441.26900000
1764897000000,139.69000000,139.69000000,139.56000000,139.67000000,526.95600000
1764897060000,139.67000000,139.67000000,139.49000000,139.53000000,2858.19100000
1764897120000,139.53000000,139.53000000,139.41000000,139.42000000,1097.31000000
1764897180000,139.43000000,139.43000000,139.37000000,139.40000000,1303.81900000
1764897240000,139.40000000,139.40000000,139.21000000,139.30000000,655.30600000
1764897300000,139.29000000,139.48000000,139.28000000,139.47000000,354.63800000
1764897360000,139.48000000,139.70000000,139.46000000,139.66000000,1708.77800000
1764897420000,139.66000000,139.67000000,139.56000000,139.62000000,277.37300000
1764897480000,139.62000000,139.63000000,139.53000000,139.63000000,1457.18700000
1764897540000,139.64000000,139.68000000,139.51000000,139.56000000,1031.35300000
1764897600000,139.55000000,139.56000000,139.40000000,139.42000000,581.51000000
1764897660000,139.43000000,139.63000000,139.43000000,139.62000000,967.16000000
1764897720000,139.63000000,139.72000000,139.61000000,139.70000000,560.51000000
1764897780000,139.70000000,139.79000000,139.64000000,139.75000000,1375.60900000
1764897840000,139.76000000,139.82000000,139.75000000,139.81000000,299.74000000
1764897900000,139.81000000,139.90000000,139.78000000,139.90000000,935.17600000
1764897960000,139.90000000,139.90000000,139.75000000,139.79000000,859.25500000
1764898020000,139.78000000,139.90000000,139.78000000,139.89000000,701.22000000
1764898080000,139.90000000,140.20000000,139.90000000,140.05000000,4875.33400000
1764898140000,140.04000000,140.05000000,139.87000000,139.93000000,1162.45300000
1764898200000,139.92000000,139.96000000,139.87000000,139.93000000,1053.47200000
1764898260000,139.94000000,139.96000000,139.89000000,139.95000000,874.27200000
1764898320000,139.95000000,140.01000000,139.94000000,139.99000000,487.81600000
1764898380000,139.99000000,140.00000000,139.79000000,139.90000000,2119.69300000
1764898440000,139.90000000,139.92000000,139.79000000,139.80000000,1171.02700000
1764898500000,139.79000000,139.84000000,139.60000000,139.60000000,3129.30800000
1764898560000,139.59000000,139.74000000,139.59000000,139.73000000,351.59100000
1764898620000,139.74000000,139.74000000,139.65000000,139.68000000,580.60500000
1764898680000,139.68000000,139.85000000,139.68000000,139.80000000,2263.60100000
1764898740000,139.81000000,139.96000000,139.77000000,139.95000000,1446.11900000
1764898800000,139.95000000,139.95000000,139.91000000,139.91000000,476.80500000
1764898860000,139.92000000,140.00000000,139.91000000,139.95000000,4857.00600000
1764898920000,139.95000000,140.01000000,139.85000000,139.85000000,5721.93100000
1764898980000,139.86000000,139.97000000,139.85000000,139.86000000,682.90600000
1764899040000,139.85000000,139.90000000,139.85000000,139.88000000,507.04400000
1764899100000,139.88000000,139.88000000,139.75000000,139.80000000,2562.99300000
1764899160000,139.81000000,139.87000000,139.81000000,139.82000000,481.34300000
1764899220000,139.83000000,139.84000000,139.78000000,139.83000000,794.77100000
1764899280000,139.84000000,140.02000000,139.84000000,140.02000000,427.09300000
1764899340000,140.01000000,140.12000000,140.01000000,140.12000000,1517.08100000
1764899400000,140.12000000,140.12000000,140.00000000,140.02000000,914.22400000
1764899460000,140.02000000,140.15000000,140.02000000,140.06000000,280.82900000
1764899520000,140.05000000,140.08000000,139.93000000,139.98000000,2098.13600000
1764899580000,139.98000000,139.98000000,139.88000000,139.97000000,825.80900000
1764899640000,139.97000000,140.00000000,139.92000000,139.99000000,1659.32700000
1764899700000,139.99000000,140.03000000,139.89000000,139.89000000,1368.36200000
1764899760000,139.89000000,139.94000000,139.86000000,139.87000000,591.28600000
1764899820000,139.86000000,139.86000000,139.75000000,139.85000000,1457.20500000
1764899880000,139.85000000,139.87000000,139.78000000,139.79000000,411.67300000
1764899940000,139.78000000,139.84000000,139.78000000,139.82000000,736.55500000
1764900000000,139.83000000,139.83000000,139.52000000,139.52000000,2225.57100000
1764900060000,139.53000000,139.59000000,139.42000000,139.43000000,1327.98400000
1764900120000,139.43000000,139.63000000,139.43000000,139.47000000,2149.30200000
1764900180000,139.47000000,139.50000000,139.31000000,139.36000000,2266.54500000
1764900240000,139.36000000,139.49000000,139.25000000,139.49000000,1334.93500000
1764900300000,139.50000000,139.56000000,139.42000000,139.43000000,1480.06600000
1764900360000,139.43000000,139.55000000,139.43000000,139.52000000,1000.78700000
1764900420000,139.53000000,139.54000000,139.39000000,139.40000000,828.63300000
1764900480000,139.39000000,139.39000000,139.27000000,139.27000000,1921.87800000
1764900540000,139.27000000,139.43000000,139.26000000,139.36000000,2642.73700000
1764900600000,139.36000000,139.37000000,139.32000000,139.34000000,1411.95100000
1764900660000,139.34000000,139.34000000,139.25000000,139.32000000,6158.58900000
1764900720000,139.32000000,139.44000000,139.31000000,139.39000000,911.99900000
1764900780000,139.40000000,139.55000000,139.40000000,139.53000000,1105.32300000
1764900840000,139.53000000,139.58000000,139.41000000,139.53000000,4344.17500000
1764900900000,139.52000000,139.70000000,139.51000000,139.56000000,3564.84200000
1764900960000,139.55000000,139.62000000,139.51000000,139.62000000,500.86100000
1764901020000,139.63000000,139.80000000,139.63000000,139.72000000,1519.46000000
1764901080000,139.71000000,139.84000000,139.69000000,139.76000000,1271.05000000
1764901140000,139.75000000,139.80000000,139.68000000,139.76000000,586.05800000
1764901200000,139.76000000,139.76000000,139.62000000,139.62000000,1177.12900000
1764901260000,139.62000000,139.73000000,139.59000000,139.72000000,624.99600000
1764901320000,139.72000000,139.72000000,139.66000000,139.72000000,1000.68600000
1764901380000,139.71000000,139.80000000,139.71000000,139.71000000,906.73100000
1764901440000,139.72000000,139.72000000,139.59000000,139.59000000,834.52900000
1764901500000,139.60000000,139.75000000,139.60000000,139.73000000,1748.26500000
1764901560000,139.74000000,139.85000000,139.74000000,139.81000000,5150.45700000
1764901620000,139.82000000,139.82000000,139.62000000,139.63000000,906.78300000
1764901680000,139.62000000,139.74000000,139.59000000,139.69000000,1103.23300000
1764901740000,139.70000000,139.75000000,139.70000000,139.72000000,352.20000000
1764901800000,139.71000000,139.71000000,139.63000000,139.66000000,339.36500000
1764901860000,139.67000000,139.77000000,139.67000000,139.75000000,516.20100000
1764901920000,139.75000000,139.77000000,139.66000000,139.71000000,1856.35900000
1764901980000,139.72000000,139.72000000,139.64000000,139.65000000,564.45200000
1764902040000,139.66000000,139.78000000,139.66000000,139.77000000,227.28000000
1764902100000,139.77000000,139.78000000,139.74000000,139.78000000,319.53800000
1764902160000,139.78000000,139.85000000,139.77000000,139.85000000,3496.54200000
1764902220000,139.85000000,140.06000000,139.83000000,140.06000000,3108.10200000
1764902280000,140.06000000,140.07000000,139.95000000,140.03000000,2907.68400000
1764902340000,140.03000000,140.15000000,140.03000000,140.10000000,1506.28500000
1764902400000,140.10000000,140.12000000,139.98000000,140.00000000,900.77300000
1764902460000,139.99000000,140.02000000,139.94000000,139.95000000,1028.68800000
1764902520000,139.94000000,140.08000000,139.90000000,140.06000000,1552.08100000
1764902580000,140.06000000,140.06000000,140.00000000,140.05000000,514.00100000
1764902640000,140.05000000,140.15000000,140.03000000,140.07000000,2502.88200000
1764902700000,140.07000000,140.07000000,140.00000000,140.00000000,410.68900000
1764902760000,140.01000000,140.06000000,139.96000000,140.00000000,1638.65500000
1764902820000,140.01000000,140.04000000,139.93000000,139.95000000,1158.69500000
1764902880000,139.96000000,140.02000000,139.96000000,140.02000000,319.56400000
1764902940000,140.01000000,140.06000000,139.99000000,140.02000000,429.16800000
1764903000000,140.02000000,140.03000000,139.87000000,139.87000000,783.63800000
1764903060000,139.88000000,139.99000000,139.77000000,139.99000000,4914.05300000
1764903120000,139.98000000,140.05000000,139.98000000,140.00000000,1302.73700000
1764903180000,140.00000000,140.02000000,139.95000000,139.96000000,1946.20700000
1764903240000,139.95000000,139.97000000,139.86000000,139.86000000,10758.10100000
1764903300000,139.86000000,139.86000000,139.76000000,139.77000000,2281.76900000
1764903360000,139.76000000,139.83000000,139.76000000,139.79000000,686.83900000
1764903420000,139.78000000,139.78000000,139.68000000,139.74000000,889.41200000
1764903480000,139.75000000,139.82000000,139.75000000,139.78000000,265.32000000
1764903540000,139.78000000,139.83000000,139.77000000,139.81000000,118.62200000
1764903600000,139.80000000,139.91000000,139.80000000,139.86000000,1094.79900000
1764903660000,139.86000000,139.86000000,139.76000000,139.77000000,723.05600000
1764903720000,139.76000000,139.84000000,139.72000000,139.80000000,418.60000000
1764903780000,139.80000000,139.84000000,139.78000000,139.81000000,611.19000000
1764903840000,139.81000000,139.84000000,139.79000000,139.81000000,336.46800000
1764903900000,139.80000000,139.80000000,139.76000000,139.77000000,351.10500000
1764903960000,139.78000000,139.82000000,139.73000000,139.82000000,1181.60100000
1764904020000,139.82000000,139.82000000,139.74000000,139.79000000,529.28700000
1764904080000,139.80000000,139.97000000,139.79000000,139.91000000,1663.76300000
1764904140000,139.91000000,140.13000000,139.90000000,140.05000000,4314.77400000
1764904200000,140.06000000,140.18000000,140.05000000,140.06000000,906.68500000
1764904260000,140.05000000,140.06000000,139.93000000,140.02000000,988.21200000
1764904320000,140.03000000,140.06000000,139.88000000,139.89000000,954.59900000
1764904380000,139.88000000,139.94000000,139.84000000,139.94000000,210.10900000
1764904440000,139.93000000,140.02000000,139.91000000,139.93000000,1196.49100000
1764904500000,139.94000000,139.95000000,139.88000000,139.89000000,1065.90000000
1764904560000,139.88000000,139.96000000,139.84000000,139.85000000,1723.51400000
1764904620000,139.86000000,139.97000000,139.84000000,139.96000000,223.75700000
1764904680000,139.97000000,140.05000000,139.97000000,139.98000000,678.10100000
1764904740000,139.98000000,139.98000000,139.85000000,139.93000000,1696.69500000
1764904800000,139.93000000,139.93000000,139.84000000,139.88000000,308.18100000
1764904860000,139.89000000,139.89000000,139.65000000,139.69000000,1793.12600000
1764904920000,139.69000000,139.78000000,139.68000000,139.76000000,871.55400000
1764904980000,139.76000000,139.77000000,139.60000000,139.70000000,1955.16600000
1764905040000,139.69000000,139.70000000,139.08000000,139.13000000,12602.79500000
1764905100000,139.14000000,139.22000000,139.00000000,139.16000000,2513.51000000
1764905160000,139.16000000,139.20000000,139.12000000,139.15000000,298.15200000
1764905220000,139.15000000,139.15000000,138.98000000,138.98000000,1986.36400000
1764905280000,138.99000000,138.99000000,138.89000000,138.97000000,3008.89300000
1764905340000,138.97000000,139.06000000,138.94000000,139.02000000,6442.08500000
1764905400000,139.02000000,139.05000000,138.93000000,139.05000000,934.98400000
1764905460000,139.04000000,139.04000000,138.84000000,138.86000000,1995.52800000
1764905520000,138.85000000,138.89000000,138.78000000,138.86000000,1860.93200000
1764905580000,138.87000000,138.90000000,138.71000000,138.77000000,2081.09900000
1764905640000,138.78000000,138.84000000,138.74000000,138.81000000,2299.20000000
1764905700000,138.81000000,138.94000000,138.81000000,138.91000000,1777.60300000
1764905760000,138.91000000,138.95000000,138.90000000,138.91000000,580.14300000
1764905820000,138.91000000,138.94000000,138.77000000,138.83000000,2138.62100000
1764905880000,138.83000000,138.84000000,138.75000000,138.76000000,435.53700000
1764905940000,138.76000000,138.82000000,138.76000000,138.78000000,1239.74300000
1764906000000,138.79000000,138.85000000,138.72000000,138.77000000,2890.96500000
1764906060000,138.77000000,138.79000000,138.75000000,138.76000000,775.45200000
1764906120000,138.76000000,138.76000000,138.73000000,138.73000000,1056.63000000
1764906180000,138.74000000,138.75000000,138.64000000,138.64000000,1127.07600000
1764906240000,138.65000000,138.67000000,138.61000000,138.66000000,573.41500000
1764906300000,138.65000000,138.67000000,138.63000000,138.66000000,293.60400000
1764906360000,138.67000000,138.74000000,138.63000000,138.64000000,1444.27300000
1764906420000,138.64000000,138.70000000,138.62000000,138.70000000,2542.02600000
1764906480000,138.70000000,138.79000000,138.70000000,138.79000000,761.79100000
1764906540000,138.79000000,138.85000000,138.78000000,138.78000000,1997.16600000
1764906600000,138.78000000,138.86000000,138.78000000,138.82000000,1170.99400000
1764906660000,138.82000000,138.84000000,138.79000000,138.82000000,1903.19500000
1764906720000,138.82000000,138.83000000,138.81000000,138.82000000,358.93300000
1764906780000,138.81000000,138.81000000,138.75000000,138.76000000,758.08400000
1764906840000,138.76000000,138.79000000,138.72000000,138.73000000,633.58100000
1764906900000,138.72000000,138.74000000,138.66000000,138.66000000,430.35000000
1764906960000,138.65000000,138.66000000,138.30000000,138.39000000,14567.12700000
1764907020000,138.39000000,138.58000000,138.39000000,138.56000000,1758.51300000
1764907080000,138.55000000,138.57000000,138.51000000,138.57000000,646.02200000
1764907140000,138.56000000,138.62000000,138.55000000,138.56000000,712.02800000
1764907200000,138.55000000,138.88000000,138.52000000,138.87000000,1231.83700000
1764907260000,138.87000000,138.87000000,138.80000000,138.83000000,1919.70600000
1764907320000,138.83000000,138.90000000,138.83000000,138.88000000,975.62800000
1764907380000,138.88000000,138.99000000,138.84000000,138.99000000,926.21200000
1764907440000,139.00000000,139.00000000,138.88000000,138.93000000,540.93200000
1764907500000,138.94000000,139.04000000,138.94000000,139.02000000,1019.55800000
1764907560000,139.02000000,139.03000000,138.84000000,138.88000000,625.52300000
1764907620000,138.88000000,138.98000000,138.88000000,138.89000000,541.02400000
1764907680000,138.88000000,138.95000000,138.88000000,138.94000000,419.76300000
1764907740000,138.94000000,138.99000000,138.93000000,138.97000000,828.27600000
1764907800000,138.96000000,139.08000000,138.96000000,139.00000000,591.67700000
1764907860000,139.00000000,139.08000000,138.95000000,139.07000000,966.04100000
1764907920000,139.08000000,139.14000000,139.03000000,139.03000000,505.73600000
1764907980000,139.02000000,139.07000000,138.98000000,139.03000000,672.59900000
1764908040000,139.03000000,139.09000000,139.00000000,139.01000000,769.59600000
1764908100000,139.00000000,139.06000000,138.96000000,138.99000000,656.86500000
1764908160000,138.98000000,139.00000000,138.85000000,138.99000000,1192.97600000
1764908220000,138.99000000,139.01000000,138.87000000,138.88000000,214.05900000
1764908280000,138.89000000,138.98000000,138.89000000,138.93000000,508.34000000
1764908340000,138.94000000,139.00000000,138.94000000,138.99000000,518.38400000
1764908400000,138.99000000,139.08000000,138.99000000,139.02000000,269.75300000
1764908460000,139.03000000,139.03000000,138.98000000,139.00000000,314.03300000
1764908520000,138.99000000,139.01000000,138.92000000,138.93000000,401.52600000
1764908580000,138.93000000,138.93000000,138.85000000,138.89000000,641.72600000
1764908640000,138.89000000,138.92000000,138.77000000,138.78000000,806.54800000
1764908700000,138.77000000,138.81000000,138.65000000,138.78000000,1438.66200000
1764908760000,138.79000000,138.87000000,138.78000000,138.79000000,735.92300000
1764908820000,138.78000000,138.86000000,138.78000000,138.82000000,292.56300000
1764908880000,138.83000000,138.83000000,138.70000000,138.71000000,631.56500000
1764908940000,138.70000000,138.74000000,138.69000000,138.70000000,842.85700000
1764909000000,138.69000000,138.70000000,138.61000000,138.61000000,2376.92500000
1764909060000,138.60000000,138.60000000,138.35000000,138.41000000,1811.31200000
1764909120000,138.41000000,138.51000000,138.41000000,138.46000000,916.97300000
1764909180000,138.45000000,138.45000000,138.07000000,138.19000000,7462.19700000
1764909240000,138.18000000,138.44000000,138.15000000,138.43000000,3823.85100000
1764909300000,138.44000000,138.55000000,138.35000000,138.54000000,1036.88100000
1764909360000,138.55000000,138.57000000,138.44000000,138.45000000,1275.46100000
1764909420000,138.44000000,138.47000000,138.37000000,138.42000000,847.17800000
1764909480000,138.42000000,138.46000000,138.29000000,138.30000000,2223.36600000
1764909540000,138.30000000,138.40000000,138.26000000,138.33000000,1740.69200000
1764909600000,138.34000000,138.34000000,138.25000000,138.30000000,544.14300000
1764909660000,138.30000000,138.37000000,138.29000000,138.34000000,1728.73000000
1764909720000,138.34000000,138.35000000,138.25000000,138.25000000,593.03700000
1764909780000,138.25000000,138.25000000,138.14000000,138.14000000,1068.94600000
1764909840000,138.15000000,138.25000000,138.11000000,138.18000000,2835.85900000
1764909900000,138.18000000,138.26000000,138.18000000,138.21000000,1138.78700000
1764909960000,138.22000000,138.24000000,138.15000000,138.19000000,1392.99900000
1764910020000,138.19000000,138.25000000,138.13000000,138.13000000,3037.72800000
1764910080000,138.14000000,138.17000000,138.14000000,138.15000000,3542.36700000
1764910140000,138.16000000,138.20000000,138.10000000,138.13000000,1810.53400000
1764910200000,138.14000000,138.30000000,138.13000000,138.30000000,1113.31400000
1764910260000,138.29000000,138.30000000,138.15000000,138.22000000,900.15600000
1764910320000,138.22000000,138.54000000,138.22000000,138.52000000,5009.45400000
1764910380000,138.51000000,138.63000000,138.50000000,138.58000000,8553.45200000
1764910440000,138.57000000,138.60000000,138.48000000,138.56000000,2535.58600000
1764910500000,138.57000000,138.67000000,138.56000000,138.64000000,4263.21800000
1764910560000,138.63000000,138.64000000,138.45000000,138.47000000,3938.25600000
1764910620000,138.47000000,138.47000000,138.40000000,138.44000000,2807.51800000
1764910680000,138.43000000,138.48000000,138.41000000,138.44000000,1019.29700000
1764910740000,138.45000000,138.53000000,138.43000000,138.52000000,4279.95800000
1764910800000,138.52000000,138.54000000,138.44000000,138.49000000,3473.16900000
1764910860000,138.49000000,138.58000000,138.49000000,138.58000000,1192.18500000
1764910920000,138.58000000,138.58000000,138.50000000,138.55000000,529.17600000
1764910980000,138.56000000,138.67000000,138.56000000,138.57000000,324.23900000
1764911040000,138.57000000,138.63000000,138.56000000,138.61000000,190.39900000
1764911100000,138.61000000,138.74000000,138.60000000,138.63000000,409.47000000
1764911160000,138.64000000,138.69000000,138.62000000,138.65000000,352.98900000
1764911220000,138.66000000,138.74000000,138.65000000,138.67000000,575.38600000
1764911280000,138.67000000,138.67000000,138.55000000,138.64000000,671.89000000
1764911340000,138.64000000,138.66000000,138.44000000,138.44000000,1787.33900000
1764911400000,138.44000000,138.54000000,138.39000000,138.54000000,2580.26100000
1764911460000,138.54000000,138.55000000,138.49000000,138.54000000,2320.92900000
1764911520000,138.54000000,138.56000000,138.53000000,138.55000000,1211.02500000
1764911580000,138.54000000,138.55000000,138.44000000,138.45000000,720.56200000
1764911640000,138.44000000,138.48000000,138.41000000,138.41000000,1513.78100000
1764911700000,138.40000000,138.46000000,138.38000000,138.45000000,989.51200000
1764911760000,138.45000000,138.53000000,138.42000000,138.44000000,387.14600000
1764911820000,138.44000000,138.46000000,138.40000000,138.42000000,269.29900000
1764911880000,138.41000000,138.47000000,138.40000000,138.40000000,1047.65500000
1764911940000,138.40000000,138.43000000,138.37000000,138.38000000,533.83000000
1764912000000,138.38000000,138.39000000,138.29000000,138.39000000,2256.71200000
1764912060000,138.38000000,138.40000000,138.32000000,138.36000000,281.28200000
1764912120000,138.35000000,138.40000000,138.34000000,138.35000000,211.85400000
1764912180000,138.35000000,138.35000000,138.26000000,138.26000000,623.74500000
1764912240000,138.26000000,138.27000000,138.02000000,138.09000000,2036.37900000
1764912300000,138.08000000,138.11000000,137.77000000,137.88000000,16437.49500000
1764912360000,137.87000000,138.00000000,137.87000000,137.96000000,5311.51100000
1764912420000,137.95000000,138.00000000,137.91000000,137.97000000,1812.40800000
1764912480000,137.98000000,138.12000000,137.97000000,138.12000000,598.24900000
1764912540000,138.12000000,138.15000000,138.12000000,138.13000000,229.96300000
1764912600000,138.12000000,138.14000000,138.02000000,138.02000000,304.57200000
1764912660000,138.03000000,138.14000000,138.02000000,138.02000000,731.22500000
1764912720000,138.02000000,138.05000000,137.95000000,137.95000000,15513.84400000
1764912780000,137.95000000,138.00000000,137.91000000,137.91000000,1630.36700000
1764912840000,137.92000000,137.95000000,137.90000000,137.95000000,1418.05600000
1764912900000,137.94000000,137.98000000,137.92000000,137.94000000,970.97100000
1764912960000,137.95000000,138.00000000,137.95000000,137.96000000,1612.85100000
1764913020000,137.97000000,138.00000000,137.94000000,137.98000000,397.87200000
1764913080000,137.98000000,138.05000000,137.98000000,138.00000000,1326.04100000
1764913140000,138.01000000,138.02000000,137.97000000,138.01000000,646.62600000
1764913200000,138.01000000,138.01000000,137.91000000,137.98000000,2249.71100000
1764913260000,137.97000000,138.13000000,137.95000000,138.12000000,744.09400000
1764913320000,138.12000000,138.17000000,138.03000000,138.03000000,589.02400000
1764913380000,138.02000000,138.11000000,138.02000000,138.08000000,462.86700000
1764913440000,138.09000000,138.09000000,138.07000000,138.07000000,273.31900000
1764913500000,138.07000000,138.07000000,138.02000000,138.07000000,1667.60100000
1764913560000,138.07000000,138.10000000,138.00000000,138.02000000,1158.29500000
1764913620000,138.03000000,138.03000000,137.95000000,137.95000000,420.70400000
1764913680000,137.95000000,137.98000000,137.85000000,137.94000000,2793.86200000
1764913740000,137.94000000,137.98000000,137.92000000,137.96000000,423.56400000
1764913800000,137.97000000,137.98000000,137.91000000,137.96000000,1265.54400000
1764913860000,137.96000000,138.01000000,137.96000000,138.00000000,310.76700000
1764913920000,137.99000000,138.05000000,137.96000000,138.02000000,1282.78600000
1764913980000,138.02000000,138.03000000,137.92000000,137.97000000,2638.50900000
1764914040000,137.97000000,137.97000000,137.90000000,137.92000000,710.98800000
1764914100000,137.92000000,137.94000000,137.90000000,137.91000000,498.18200000
1764914160000,137.91000000,137.92000000,137.90000000,137.92000000,324.08000000
1764914220000,137.92000000,137.95000000,137.91000000,137.92000000,467.29200000
1764914280000,137.92000000,138.01000000,137.92000000,138.01000000,236.89600000
1764914340000,138.01000000,138.05000000,138.00000000,138.04000000,223.10700000
1764914400000,138.05000000,138.14000000,138.03000000,138.05000000,2322.11900000
1764914460000,138.05000000,138.26000000,138.05000000,138.26000000,1023.34100000
1764914520000,138.25000000,138.26000000,138.13000000,138.14000000,540.53500000
1764914580000,138.14000000,138.21000000,138.13000000,138.21000000,593.58900000
1764914640000,138.20000000,138.25000000,138.20000000,138.21000000,348.47300000
1764914700000,138.20000000,138.29000000,138.20000000,138.29000000,931.44600000
1764914760000,138.30000000,138.50000000,138.28000000,138.50000000,864.77000000
1764914820000,138.49000000,138.49000000,138.36000000,138.41000000,828.60000000
1764914880000,138.41000000,138.43000000,138.38000000,138.42000000,536.92800000
1764914940000,138.41000000,138.53000000,138.41000000,138.52000000,3037.47300000
1764915000000,138.52000000,138.64000000,138.43000000,138.50000000,3115.23100000
1764915060000,138.51000000,138.51000000,138.40000000,138.43000000,516.60000000
1764915120000,138.43000000,138.50000000,138.43000000,138.50000000,857.37100000
1764915180000,138.50000000,138.65000000,138.47000000,138.63000000,2229.80600000
1764915240000,138.63000000,138.63000000,138.52000000,138.52000000,500.58600000
1764915300000,138.52000000,138.53000000,138.47000000,138.53000000,820.33400000
1764915360000,138.53000000,138.63000000,138.53000000,138.56000000,1327.45500000
1764915420000,138.55000000,138.62000000,138.54000000,138.58000000,939.53300000
1764915480000,138.58000000,138.59000000,138.47000000,138.48000000,1142.46700000
1764915540000,138.47000000,138.52000000,138.42000000,138.42000000,649.32200000
1764915600000,138.43000000,138.45000000,138.40000000,138.43000000,1150.94000000
1764915660000,138.42000000,138.52000000,138.42000000,138.51000000,372.94400000
1764915720000,138.52000000,138.59000000,138.52000000,138.57000000,213.59100000
1764915780000,138.58000000,138.60000000,138.57000000,138.59000000,93.68700000
1764915840000,138.60000000,138.72000000,138.59000000,138.70000000,377.99600000
1764915900000,138.71000000,138.74000000,138.64000000,138.66000000,303.42100000
1764915960000,138.67000000,138.71000000,138.64000000,138.70000000,306.64000000
1764916020000,138.71000000,138.73000000,138.61000000,138.61000000,993.47000000
1764916080000,138.61000000,138.63000000,138.60000000,138.63000000,235.99500000
1764916140000,138.63000000,138.64000000,138.62000000,138.63000000,97.62000000
1764916200000,138.64000000,138.68000000,138.63000000,138.66000000,749.84800000
1764916260000,138.66000000,138.67000000,138.42000000,138.42000000,532.21400000
1764916320000,138.43000000,138.52000000,138.38000000,138.52000000,1040.04200000
1764916380000,138.52000000,138.55000000,138.50000000,138.52000000,233.32300000
1764916440000,138.53000000,138.73000000,138.52000000,138.73000000,566.01000000
1764916500000,138.73000000,138.91000000,138.73000000,138.87000000,1290.18600000
1764916560000,138.87000000,138.96000000,138.83000000,138.95000000,318.79100000
1764916620000,138.96000000,138.96000000,138.86000000,138.91000000,422.17300000
1764916680000,138.91000000,138.94000000,138.80000000,138.81000000,409.30700000
1764916740000,138.80000000,138.80000000,138.64000000,138.68000000,787.11800000
1764916800000,138.67000000,138.74000000,138.66000000,138.74000000,839.27200000
1764916860000,138.74000000,138.77000000,138.73000000,138.74000000,904.85400000
1764916920000,138.74000000,138.75000000,138.69000000,138.74000000,410.95300000
1764916980000,138.75000000,138.76000000,138.71000000,138.74000000,533.45600000
1764917040000,138.74000000,138.74000000,138.73000000,138.74000000,526.68900000
1764917100000,138.74000000,138.83000000,138.73000000,138.82000000,387.92100000
1764917160000,138.82000000,138.83000000,138.73000000,138.76000000,908.60400000
1764917220000,138.76000000,138.85000000,138.75000000,138.81000000,522.67000000
1764917280000,138.81000000,138.83000000,138.75000000,138.78000000,480.63900000
1764917340000,138.79000000,138.81000000,138.73000000,138.73000000,638.28600000
1764917400000,138.73000000,138.74000000,138.65000000,138.68000000,3213.99200000
1764917460000,138.68000000,139.00000000,138.65000000,139.00000000,3175.09200000
1764917520000,138.99000000,139.00000000,138.91000000,138.92000000,1216.03000000
1764917580000,138.92000000,138.97000000,138.85000000,138.85000000,1398.12100000
1764917640000,138.86000000,138.89000000,138.82000000,138.83000000,426.66300000
1764917700000,138.84000000,138.85000000,138.79000000,138.79000000,826.64600000
1764917760000,138.79000000,138.86000000,138.79000000,138.83000000,3691.27800000
1764917820000,138.83000000,138.90000000,138.82000000,138.90000000,1891.42500000
1764917880000,138.90000000,138.99000000,138.90000000,138.91000000,4143.26800000
1764917940000,138.91000000,138.91000000,138.89000000,138.89000000,278.43700000
1764918000000,138.90000000,138.90000000,138.77000000,138.88000000,1842.91500000
1764918060000,138.88000000,138.89000000,138.83000000,138.84000000,1528.70100000
1764918120000,138.84000000,138.93000000,138.81000000,138.92000000,821.75700000
1764918180000,138.93000000,138.96000000,138.84000000,138.86000000,878.87800000
1764918240000,138.86000000,138.97000000,138.86000000,138.92000000,453.92600000
1764918300000,138.92000000,139.03000000,138.91000000,139.01000000,2688.31000000
1764918360000,139.01000000,139.10000000,139.01000000,139.10000000,680.83900000
1764918420000,139.10000000,139.37000000,139.09000000,139.28000000,2224.00900000
1764918480000,139.27000000,139.96000000,139.27000000,139.73000000,19594.66800000
1764918540000,139.73000000,140.75000000,139.73000000,140.66000000,36829.13800000
1764918600000,140.66000000,140.73000000,140.24000000,140.24000000,7018.61800000
1764918660000,140.24000000,140.29000000,140.15000000,140.25000000,3581.43200000
1764918720000,140.26000000,140.26000000,140.17000000,140.17000000,1930.63700000
1764918780000,140.17000000,140.18000000,140.03000000,140.09000000,3083.56500000
1764918840000,140.09000000,140.15000000,140.08000000,140.09000000,1526.40400000
1764918900000,140.09000000,140.10000000,139.99000000,140.08000000,1138.47500000
1764918960000,140.07000000,140.10000000,140.01000000,140.08000000,4746.34000000
1764919020000,140.08000000,140.18000000,140.07000000,140.18000000,2048.70500000
1764919080000,140.17000000,140.30000000,139.98000000,140.24000000,7170.21400000
1764919140000,140.23000000,140.25000000,140.10000000,140.13000000,2796.13600000
1764919200000,140.12000000,140.13000000,140.05000000,140.13000000,1186.57800000
1764919260000,140.12000000,140.16000000,140.08000000,140.11000000,979.94200000
1764919320000,140.11000000,140.24000000,140.07000000,140.18000000,2809.89900000
1764919380000,140.18000000,140.19000000,140.18000000,140.19000000,752.38200000
1764919440000,140.19000000,140.32000000,140.18000000,140.25000000,3901.71300000
1764919500000,140.25000000,140.31000000,140.25000000,140.28000000,1184.86000000
1764919560000,140.27000000,140.33000000,140.27000000,140.32000000,2442.96000000
1764919620000,140.32000000,140.37000000,140.29000000,140.34000000,1617.82400000
1764919680000,140.34000000,140.43000000,140.29000000,140.42000000,2093.31300000
1764919740000,140.42000000,140.42000000,140.25000000,140.26000000,2033.48900000
1764919800000,140.27000000,140.33000000,140.25000000,140.32000000,684.16300000
1764919860000,140.32000000,140.42000000,140.30000000,140.42000000,2091.21600000
1764919920000,140.42000000,140.42000000,140.33000000,140.37000000,692.59700000
1764919980000,140.38000000,140.38000000,140.31000000,140.34000000,1246.17100000
1764920040000,140.35000000,140.38000000,140.09000000,140.09000000,2040.94300000
1764920100000,140.10000000,140.10000000,139.88000000,139.99000000,2200.82500000
1764920160000,140.00000000,140.00000000,139.92000000,139.93000000,1420.72600000
1764920220000,139.93000000,139.94000000,139.86000000,139.86000000,967.59100000
1764920280000,139.87000000,139.95000000,139.86000000,139.93000000,770.25300000
1764920340000,139.93000000,139.95000000,139.86000000,139.86000000,1529.00600000
1764920400000,139.86000000,139.86000000,139.71000000,139.73000000,841.62200000
1764920460000,139.74000000,139.77000000,139.63000000,139.75000000,5534.77200000
1764920520000,139.74000000,139.77000000,139.70000000,139.76000000,738.27300000
1764920580000,139.77000000,139.79000000,139.73000000,139.73000000,740.52700000
1764920640000,139.74000000,139.79000000,139.71000000,139.79000000,1243.59500000
1764920700000,139.79000000,139.84000000,139.72000000,139.74000000,691.49600000
1764920760000,139.75000000,139.77000000,139.65000000,139.66000000,905.31000000
1764920820000,139.67000000,139.68000000,139.47000000,139.66000000,1846.31700000
1764920880000,139.66000000,139.74000000,139.59000000,139.65000000,2169.06200000
1764920940000,139.66000000,139.72000000,139.66000000,139.69000000,433.11300000
1764921000000,139.70000000,139.74000000,139.64000000,139.68000000,1104.81600000
1764921060000,139.69000000,139.79000000,139.64000000,139.76000000,1224.43600000
1764921120000,139.76000000,139.79000000,139.68000000,139.70000000,1155.26100000
1764921180000,139.71000000,139.78000000,139.70000000,139.76000000,1179.29300000
1764921240000,139.76000000,139.83000000,139.74000000,139.79000000,1613.55600000
1764921300000,139.79000000,139.79000000,139.71000000,139.74000000,750.85100000
1764921360000,139.73000000,139.78000000,139.68000000,139.74000000,993.88900000
1764921420000,139.74000000,139.80000000,139.74000000,139.74000000,1269.61700000
1764921480000,139.74000000,139.76000000,139.72000000,139.72000000,1054.29400000
1764921540000,139.73000000,139.74000000,139.63000000,139.68000000,962.72200000
1764921600000,139.67000000,139.67000000,139.49000000,139.50000000,927.12700000
1764921660000,139.49000000,139.53000000,139.39000000,139.47000000,998.44200000
1764921720000,139.47000000,139.47000000,139.30000000,139.34000000,3855.96300000
1764921780000,139.33000000,139.33000000,139.24000000,139.32000000,1340.37100000
1764921840000,139.31000000,139.32000000,139.00000000,139.03000000,1055.76500000
1764921900000,139.02000000,139.15000000,139.02000000,139.04000000,1827.82000000
1764921960000,139.04000000,139.04000000,138.92000000,138.93000000,757.85000000
1764922020000,138.93000000,138.93000000,138.27000000,138.32000000,18430.44700000
1764922080000,138.31000000,138.44000000,138.31000000,138.32000000,3936.58200000
1764922140000,138.32000000,138.36000000,138.26000000,138.35000000,1284.22900000
1764922200000,138.35000000,138.36000000,138.17000000,138.23000000,1759.13100000
1764922260000,138.24000000,138.37000000,138.15000000,138.33000000,2005.78000000
1764922320000,138.33000000,138.42000000,138.31000000,138.42000000,2662.21700000
1764922380000,138.42000000,138.54000000,138.35000000,138.36000000,1700.25200000
1764922440000,138.36000000,138.42000000,138.25000000,138.31000000,3457.84600000
1764922500000,138.30000000,138.37000000,138.16000000,138.26000000,2427.72700000
1764922560000,138.25000000,138.26000000,138.12000000,138.24000000,1214.28700000
1764922620000,138.25000000,138.25000000,138.16000000,138.23000000,1748.41700000
1764922680000,138.24000000,138.33000000,138.21000000,138.21000000,1561.56900000
1764922740000,138.22000000,138.35000000,138.22000000,138.33000000,715.14600000
1764922800000,138.33000000,138.35000000,138.27000000,138.33000000,1976.26800000
1764922860000,138.32000000,138.53000000,138.32000000,138.51000000,1648.87100000
1764922920000,138.50000000,138.56000000,138.47000000,138.53000000,1764.28600000
1764922980000,138.53000000,138.62000000,138.52000000,138.56000000,1647.79000000
1764923040000,138.57000000,138.57000000,138.39000000,138.42000000,835.44900000
1764923100000,138.42000000,138.47000000,138.37000000,138.42000000,1662.97700000
1764923160000,138.42000000,138.52000000,138.41000000,138.50000000,2361.76200000
1764923220000,138.49000000,138.50000000,138.43000000,138.43000000,728.24200000
1764923280000,138.42000000,138.47000000,138.36000000,138.44000000,200.96000000
1764923340000,138.45000000,138.45000000,138.44000000,138.44000000,140.38300000
1764923400000,138.44000000,138.45000000,138.37000000,138.37000000,1120.04000000
1764923460000,138.38000000,138.38000000,138.11000000,138.24000000,2478.14300000
1764923520000,138.24000000,138.29000000,138.23000000,138.27000000,1040.38200000
1764923580000,138.27000000,138.27000000,138.15000000,138.17000000,2401.28800000
1764923640000,138.17000000,138.20000000,138.09000000,138.12000000,1332.24500000
1764923700000,138.12000000,138.17000000,138.09000000,138.14000000,967.87100000
1764923760000,138.14000000,138.14000000,137.99000000,138.00000000,6968.12200000
1764923820000,138.00000000,138.07000000,137.95000000,138.06000000,6091.86800000
1764923880000,138.06000000,138.16000000,138.02000000,138.11000000,512.98500000
1764923940000,138.11000000,138.23000000,138.11000000,138.19000000,966.98700000
1764924000000,138.18000000,138.18000000,137.87000000,137.96000000,3775.91800000
1764924060000,137.95000000,138.04000000,137.81000000,138.04000000,3391.32800000
1764924120000,138.05000000,138.15000000,138.02000000,138.03000000,2175.88500000
1764924180000,138.02000000,138.13000000,138.00000000,138.07000000,673.57900000
1764924240000,138.08000000,138.11000000,138.02000000,138.06000000,1242.66500000
1764924300000,138.06000000,138.06000000,137.92000000,138.00000000,3040.19500000
1764924360000,138.01000000,138.02000000,137.93000000,137.93000000,2104.00900000
1764924420000,137.93000000,138.08000000,137.92000000,138.01000000,1364.51600000
1764924480000,138.00000000,138.07000000,137.93000000,138.05000000,1455.27800000
1764924540000,138.04000000,138.04000000,138.02000000,138.03000000,204.94100000
1764924600000,138.03000000,138.03000000,137.98000000,137.98000000,1356.31600000
1764924660000,137.97000000,138.07000000,137.97000000,138.03000000,2117.77400000
1764924720000,138.04000000,138.07000000,138.00000000,138.05000000,801.52700000
1764924780000,138.04000000,138.12000000,138.02000000,138.12000000,15294.18900000
1764924840000,138.12000000,138.15000000,138.12000000,138.14000000,969.15500000
1764924900000,138.13000000,138.20000000,138.12000000,138.15000000,1178.38100000
1764924960000,138.15000000,138.25000000,138.15000000,138.24000000,1079.58300000
1764925020000,138.24000000,138.25000000,138.19000000,138.20000000,736.50800000
1764925080000,138.20000000,138.25000000,138.19000000,138.25000000,924.65200000
1764925140000,138.25000000,138.25000000,138.19000000,138.19000000,1176.23900000
1764925200000,138.20000000,138.20000000,138.16000000,138.18000000,775.34600000
1764925260000,138.18000000,138.27000000,137.88000000,137.90000000,3833.88300000
1764925320000,137.89000000,137.89000000,137.37000000,137.57000000,20655.46600000
1764925380000,137.57000000,137.64000000,137.52000000,137.64000000,3258.05600000
1764925440000,137.63000000,137.72000000,137.51000000,137.72000000,4456.35600000
1764925500000,137.72000000,137.73000000,137.41000000,137.43000000,2786.50900000
1764925560000,137.43000000,137.55000000,137.43000000,137.48000000,1950.45000000
1764925620000,137.48000000,137.67000000,137.48000000,137.66000000,1741.92200000
1764925680000,137.67000000,137.73000000,137.66000000,137.73000000,1014.74500000
1764925740000,137.72000000,137.80000000,137.72000000,137.76000000,1542.16200000
1764925800000,137.76000000,137.85000000,137.76000000,137.77000000,963.45600000
1764925860000,137.78000000,137.84000000,137.73000000,137.82000000,4336.50300000
1764925920000,137.81000000,137.85000000,137.77000000,137.80000000,903.95100000
1764925980000,137.80000000,137.94000000,137.77000000,137.94000000,6377.51700000
1764926040000,137.94000000,138.00000000,137.82000000,137.90000000,4698.29400000
1764926100000,137.91000000,137.92000000,137.80000000,137.87000000,8419.27300000
1764926160000,137.86000000,137.87000000,137.62000000,137.71000000,3970.48800000
1764926220000,137.72000000,137.80000000,137.60000000,137.60000000,1024.12200000
1764926280000,137.61000000,137.67000000,137.25000000,137.39000000,8303.39900000
1764926340000,137.40000000,137.42000000,136.72000000,136.99000000,28984.97800000
1764926400000,136.99000000,137.17000000,136.68000000,136.74000000,9467.15500000
1764926460000,136.75000000,137.08000000,136.70000000,136.94000000,4204.96200000
1764926520000,136.95000000,137.10000000,136.94000000,137.08000000,1572.83700000
1764926580000,137.07000000,137.07000000,136.97000000,136.99000000,1703.96600000
1764926640000,136.99000000,136.99000000,136.76000000,136.86000000,1610.78000000
1764926700000,136.85000000,136.88000000,136.73000000,136.82000000,4887.77900000
1764926760000,136.81000000,136.81000000,136.58000000,136.79000000,5001.04800000
1764926820000,136.78000000,136.89000000,136.69000000,136.83000000,4304.86200000
1764926880000,136.83000000,136.84000000,136.71000000,136.82000000,2466.46100000
1764926940000,136.83000000,136.84000000,136.74000000,136.84000000,2878.76900000
1764927000000,136.83000000,136.95000000,136.71000000,136.95000000,2376.66900000
1764927060000,136.96000000,136.98000000,136.80000000,136.82000000,2642.22500000
1764927120000,136.82000000,136.82000000,136.60000000,136.66000000,3549.60300000
1764927180000,136.65000000,136.68000000,136.51000000,136.61000000,3304.26400000
1764927240000,136.61000000,136.65000000,136.50000000,136.54000000,2836.02500000
1764927300000,136.54000000,136.78000000,136.51000000,136.72000000,10802.18500000
1764927360000,136.72000000,136.89000000,136.69000000,136.69000000,2976.44000000
1764927420000,136.70000000,136.93000000,136.70000000,136.87000000,1326.48200000
1764927480000,136.87000000,136.87000000,136.71000000,136.81000000,1086.38200000
1764927540000,136.81000000,136.86000000,136.75000000,136.77000000,1650.22200000
1764927600000,136.78000000,136.78000000,136.69000000,136.77000000,3278.65300000
1764927660000,136.77000000,136.87000000,136.75000000,136.76000000,2123.56200000
1764927720000,136.76000000,136.78000000,136.63000000,136.63000000,3270.10200000
1764927780000,136.64000000,136.68000000,136.48000000,136.55000000,4811.36700000
1764927840000,136.56000000,136.68000000,136.37000000,136.63000000,3400.71900000
1764927900000,136.62000000,136.73000000,136.55000000,136.58000000,1877.08300000
1764927960000,136.59000000,136.60000000,136.45000000,136.48000000,1495.58100000
1764928020000,136.47000000,136.68000000,136.47000000,136.61000000,4890.56400000
1764928080000,136.60000000,136.66000000,136.52000000,136.55000000,3557.05400000
1764928140000,136.55000000,136.67000000,136.51000000,136.65000000,4108.15800000
1764928200000,136.65000000,136.68000000,136.50000000,136.59000000,1260.81800000
1764928260000,136.59000000,136.73000000,136.59000000,136.62000000,972.90200000
1764928320000,136.62000000,136.64000000,136.51000000,136.53000000,853.39700000
1764928380000,136.53000000,136.55000000,136.44000000,136.44000000,1928.86600000
1764928440000,136.44000000,136.44000000,136.31000000,136.33000000,1744.17100000
1764928500000,136.32000000,136.44000000,136.28000000,136.42000000,2450.61000000
1764928560000,136.43000000,136.45000000,136.37000000,136.38000000,1542.08300000
1764928620000,136.39000000,136.43000000,136.35000000,136.42000000,1591.17200000
1764928680000,136.42000000,136.53000000,136.41000000,136.45000000,2528.26200000
1764928740000,136.46000000,136.47000000,136.34000000,136.34000000,1654.83100000
1764928800000,136.34000000,136.41000000,136.28000000,136.33000000,2654.00400000
1764928860000,136.33000000,136.54000000,136.33000000,136.39000000,4224.37900000
1764928920000,136.40000000,136.47000000,136.37000000,136.39000000,1758.75100000
1764928980000,136.39000000,136.40000000,136.13000000,136.15000000,3054.80900000
1764929040000,136.15000000,136.53000000,136.13000000,136.51000000,5692.37000000
1764929100000,136.50000000,136.67000000,136.50000000,136.66000000,3671.80600000
1764929160000,136.67000000,136.85000000,136.54000000,136.56000000,2860.04200000
1764929220000,136.56000000,136.66000000,136.53000000,136.58000000,1369.29500000
1764929280000,136.58000000,136.59000000,136.50000000,136.55000000,3398.16500000
1764929340000,136.55000000,136.65000000,136.47000000,136.53000000,2202.88000000
1764929400000,136.53000000,136.69000000,136.52000000,136.69000000,1733.99600000
1764929460000,136.69000000,137.03000000,136.64000000,136.95000000,10818.03500000
1764929520000,136.95000000,137.09000000,136.94000000,137.08000000,4903.93600000
1764929580000,137.09000000,137.09000000,136.98000000,137.04000000,3563.96000000
1764929640000,137.05000000,137.10000000,136.95000000,137.05000000,3575.98500000
1764929700000,137.05000000,137.06000000,136.96000000,136.98000000,3096.56400000
1764929760000,136.98000000,137.41000000,136.97000000,137.41000000,9330.14100000
1764929820000,137.41000000,137.47000000,137.28000000,137.29000000,2814.89500000
1764929880000,137.29000000,137.30000000,136.99000000,137.05000000,2632.98700000
1764929940000,137.05000000,137.06000000,136.87000000,136.87000000,288.58400000
1764930000000,136.88000000,137.02000000,136.88000000,137.00000000,1345.79400000
1764930060000,136.99000000,137.14000000,136.99000000,137.11000000,924.94000000
1764930120000,137.12000000,137.22000000,137.10000000,137.22000000,969.36700000
1764930180000,137.22000000,137.32000000,137.21000000,137.30000000,499.04300000
1764930240000,137.29000000,137.29000000,137.18000000,137.21000000,717.16100000
1764930300000,137.21000000,137.69000000,137.20000000,137.69000000,8958.10800000
1764930360000,137.69000000,137.91000000,137.62000000,137.63000000,4032.44200000
1764930420000,137.62000000,137.71000000,137.56000000,137.63000000,3346.77800000
1764930480000,137.64000000,137.74000000,137.59000000,137.65000000,3974.98300000
1764930540000,137.66000000,137.66000000,137.60000000,137.61000000,1569.69800000
1764930600000,137.60000000,137.61000000,137.54000000,137.55000000,1347.74000000
1764930660000,137.54000000,137.69000000,137.54000000,137.67000000,3254.11200000
1764930720000,137.67000000,137.69000000,137.65000000,137.68000000,1417.17600000
1764930780000,137.68000000,137.68000000,137.57000000,137.60000000,1119.03500000
1764930840000,137.60000000,137.78000000,137.60000000,137.74000000,3386.53600000
1764930900000,137.73000000,137.78000000,137.63000000,137.64000000,1153.40800000
1764930960000,137.65000000,137.71000000,137.61000000,137.71000000,1989.48200000
1764931020000,137.70000000,137.70000000,137.55000000,137.60000000,2375.84700000
1764931080000,137.61000000,137.68000000,137.61000000,137.64000000,796.29900000
1764931140000,137.64000000,137.76000000,137.63000000,137.75000000,637.20800000
1764931200000,137.76000000,137.80000000,137.73000000,137.79000000,1415.76200000
1764931260000,137.79000000,137.85000000,137.73000000,137.84000000,1616.42100000
1764931320000,137.84000000,137.93000000,137.82000000,137.82000000,2502.00600000
1764931380000,137.82000000,137.90000000,137.81000000,137.87000000,797.81900000
1764931440000,137.87000000,137.98000000,137.87000000,137.90000000,1244.79300000
1764931500000,137.91000000,137.91000000,137.78000000,137.80000000,1470.25400000
1764931560000,137.79000000,137.80000000,137.75000000,137.76000000,431.14500000
1764931620000,137.76000000,137.79000000,137.69000000,137.74000000,1699.24100000
1764931680000,137.74000000,137.74000000,137.46000000,137.47000000,1591.38500000
1764931740000,137.46000000,137.54000000,137.44000000,137.52000000,1043.53100000
1764931800000,137.52000000,137.64000000,137.52000000,137.64000000,439.16300000
1764931860000,137.64000000,137.75000000,137.64000000,137.73000000,1306.15500000
1764931920000,137.73000000,137.74000000,137.69000000,137.69000000,702.88500000
1764931980000,137.69000000,137.77000000,137.69000000,137.76000000,1060.53700000
1764932040000,137.77000000,137.80000000,137.75000000,137.80000000,415.13700000
1764932100000,137.79000000,137.84000000,137.75000000,137.81000000,2395.37800000
1764932160000,137.81000000,137.85000000,137.78000000,137.85000000,1142.29900000
1764932220000,137.85000000,137.88000000,137.74000000,137.77000000,1909.70000000
1764932280000,137.77000000,137.77000000,137.58000000,137.61000000,3055.79000000
1764932340000,137.61000000,137.71000000,137.56000000,137.71000000,3347.66600000
1764932400000,137.71000000,137.72000000,137.56000000,137.59000000,2349.28200000
1764932460000,137.60000000,137.69000000,137.56000000,137.69000000,1291.62600000
1764932520000,137.69000000,137.89000000,137.68000000,137.83000000,2691.86800000
1764932580000,137.82000000,137.84000000,137.72000000,137.83000000,3360.94200000
1764932640000,137.82000000,137.83000000,137.77000000,137.79000000,1242.88800000
1764932700000,137.80000000,137.93000000,137.79000000,137.87000000,1652.72000000
1764932760000,137.88000000,137.92000000,137.77000000,137.91000000,1809.73800000
1764932820000,137.92000000,138.00000000,137.91000000,138.00000000,846.41900000
1764932880000,138.00000000,138.09000000,137.99000000,137.99000000,3444.13200000
1764932940000,137.99000000,137.99000000,137.87000000,137.90000000,930.19800000
1764933000000,137.90000000,137.90000000,137.76000000,137.80000000,1251.95800000
1764933060000,137.79000000,137.81000000,137.77000000,137.81000000,810.47500000
1764933120000,137.81000000,137.89000000,137.79000000,137.80000000,1360.44300000
1764933180000,137.79000000,137.89000000,137.79000000,137.85000000,2111.25400000
1764933240000,137.84000000,137.88000000,137.84000000,137.87000000,170.82600000
1764933300000,137.87000000,137.90000000,137.86000000,137.89000000,997.69500000
1764933360000,137.88000000,137.88000000,137.72000000,137.72000000,1548.72600000
1764933420000,137.72000000,137.85000000,137.72000000,137.81000000,1827.47100000
1764933480000,137.82000000,137.83000000,137.79000000,137.83000000,321.02600000
1764933540000,137.83000000,137.85000000,137.79000000,137.81000000,747.87400000
1764933600000,137.80000000,137.84000000,137.72000000,137.73000000,1326.33200000
1764933660000,137.72000000,137.73000000,137.58000000,137.59000000,984.16700000
1764933720000,137.58000000,137.63000000,137.52000000,137.63000000,695.14600000
1764933780000,137.62000000,137.62000000,137.55000000,137.62000000,398.48500000
1764933840000,137.61000000,137.61000000,137.36000000,137.41000000,4229.36800000
1764933900000,137.42000000,137.53000000,137.33000000,137.41000000,3131.53800000
1764933960000,137.42000000,137.46000000,137.39000000,137.46000000,1320.40200000
1764934020000,137.46000000,137.46000000,137.40000000,137.45000000,448.46000000
1764934080000,137.45000000,137.54000000,137.45000000,137.52000000,1093.26300000
1764934140000,137.51000000,137.51000000,137.46000000,137.47000000,394.98700000
1764934200000,137.46000000,137.46000000,137.38000000,137.43000000,736.97300000
1764934260000,137.43000000,137.43000000,137.27000000,137.36000000,1204.66200000
1764934320000,137.37000000,137.41000000,137.31000000,137.31000000,459.49700000
1764934380000,137.32000000,137.35000000,137.10000000,137.18000000,2264.94400000
1764934440000,137.17000000,137.17000000,136.96000000,137.01000000,4616.23500000
1764934500000,137.00000000,137.07000000,136.87000000,137.01000000,5302.75400000
1764934560000,137.02000000,137.11000000,136.92000000,137.04000000,1709.63800000
1764934620000,137.04000000,137.16000000,137.03000000,137.03000000,917.00100000
1764934680000,137.04000000,137.15000000,137.01000000,137.14000000,1943.47400000
1764934740000,137.13000000,137.14000000,137.04000000,137.14000000,2633.76200000
1764934800000,137.14000000,137.19000000,137.05000000,137.13000000,749.59600000
1764934860000,137.13000000,137.16000000,137.09000000,137.10000000,956.43600000
1764934920000,137.10000000,137.15000000,137.09000000,137.11000000,1297.14900000
1764934980000,137.11000000,137.11000000,137.03000000,137.06000000,1519.13000000
1764935040000,137.06000000,137.06000000,136.99000000,137.01000000,3622.60300000
1764935100000,137.02000000,137.21000000,137.02000000,137.21000000,2191.78300000
1764935160000,137.20000000,137.21000000,137.06000000,137.09000000,486.60200000
1764935220000,137.09000000,137.17000000,137.08000000,137.16000000,996.11200000
1764935280000,137.17000000,137.31000000,137.15000000,137.19000000,5528.09600000
1764935340000,137.20000000,137.37000000,137.18000000,137.37000000,5816.95200000
1764935400000,137.36000000,137.36000000,137.13000000,137.13000000,1151.95100000
1764935460000,137.13000000,137.13000000,136.97000000,137.01000000,1278.62300000
1764935520000,137.02000000,137.06000000,137.00000000,137.04000000,896.96300000
1764935580000,137.04000000,137.06000000,136.93000000,136.93000000,466.48100000
1764935640000,136.94000000,137.00000000,136.89000000,136.98000000,1262.11600000
1764935700000,136.98000000,137.04000000,136.97000000,136.99000000,1838.83600000
1764935760000,137.00000000,137.10000000,137.00000000,137.09000000,1242.12000000
1764935820000,137.08000000,137.09000000,137.00000000,137.01000000,844.32800000
1764935880000,137.01000000,137.03000000,136.98000000,136.99000000,532.54600000
1764935940000,136.98000000,137.02000000,136.92000000,137.02000000,1490.97800000
1764936000000,137.01000000,137.01000000,136.74000000,136.83000000,1627.11300000
1764936060000,136.83000000,136.94000000,136.78000000,136.79000000,1307.57800000
1764936120000,136.79000000,136.93000000,136.77000000,136.77000000,2635.00100000
1764936180000,136.78000000,136.92000000,136.77000000,136.92000000,2516.76700000
1764936240000,136.92000000,136.97000000,135.21000000,136.62000000,74579.52600000
1764936300000,136.62000000,136.80000000,136.61000000,136.80000000,4600.83200000
1764936360000,136.80000000,136.82000000,136.72000000,136.72000000,6233.37200000
1764936420000,136.72000000,136.78000000,136.72000000,136.77000000,2087.56900000
1764936480000,136.77000000,136.99000000,136.77000000,136.96000000,2950.21200000
1764936540000,136.95000000,136.95000000,136.81000000,136.87000000,3022.77800000
1764936600000,136.87000000,136.87000000,136.83000000,136.84000000,222.70200000
1764936660000,136.84000000,136.84000000,136.73000000,136.73000000,736.17400000
